Rank,Company,Ticker,Sector,Industry,Number_of_employees,Revenues_M,Profits_M,Assets_M,MarketCap_M
1,Walmart,WMT,Retailing,General Merchandisers,2100000,648125,15511,252399,559911
2,Amazon,AMZN,Retailing,Internet Services and Retailing,1525000,574785,30425,527854,2005565
3,Apple,AAPL,Technology,"Computers, Office Equipment",161000,383285,96995,352583,3594309
4,UnitedHealth Group,UNH,Health Care,Health Care: Insurance and Managed Care,440000,371622,22381,273720,474339
5,Berkshire Hathaway,BRKA,Financials,Insurance: Property and Casualty (Stock),396500,364482,96223,1069978,937028
6,CVS Health,CVS,Health Care,Health Care: Pharmacy and Other Services,259500,357776,8344,249728,73653
7,Exxon Mobil,XOM,Energy,Petroleum Refining,61500,344582,36010,376317,516824
8,Alphabet,GOOGL,Technology,Internet Services and Retailing,182502,307394,73795,402392,2315182
9,McKesson,MCK,Health Care,Wholesalers: Health Care,48000,276711,3560,62320,75007
10,Cencora,COR,Health Care,Wholesalers: Health Care,44000,262173.4,1745.3,62558.7,43758
11,Costco Wholesale,COST,Retailing,General Merchandisers,316000,242290,6292,68994,376272
12,JPMorgan Chase,JPM,Financials,Commercial Banks,309926,239425,49552,3875393,603194
13,Microsoft,MSFT,Technology,Computer Software,221000,211915,72361,411976,3373970
14,Cardinal Health,CAH,Health Care,Wholesalers: Health Care,47520,205012,261,43417,22832
15,Chevron,CVX,Energy,Petroleum Refining,45600,200949,21369,261632,291950
16,Cigna,CI,Health Care,Health Care: Pharmacy and Other Services,71413,195265,5164,152761,94148
17,Ford Motor,F,Motor Vehicles & Parts,Motor Vehicles & Parts,177000,176191,4347,273310,56811
18,Bank of America,BAC,Financials,Commercial Banks,212985,171912,26515,3180151,327595
19,General Motors,GM,Motor Vehicles & Parts,Motor Vehicles & Parts,163000,171842,10127,273064,56222
20,Elevance Health,ELV,Health Care,Health Care: Insurance and Managed Care,104900,171340,5987,108928,123335
21,Citigroup,C,Financials,Commercial Banks,237925,156820,9228,2411834,124251
22,Centene,CNC,Health Care,Health Care: Insurance and Managed Care,67700,153999,2702,84641,35221
23,Home Depot,HD,Retailing,Specialty Retailers: Other,463100,152669,15143,76530,355454
24,Marathon Petroleum,MPC,Energy,Petroleum Refining,18200,150307,9681,85987,58737
25,Kroger,KR,Food & Drug Stores,Food & Drug Stores,414000,150039,2164,50505,37620
26,Phillips 66,PSX,Energy,Petroleum Refining,14000,149890,7015,75501,59383
27,Fannie Mae,FNMA,Financials,Diversified Financials,8100,141240,17408,4325437,8585
28,Walgreens Boots Alliance,WBA,Food & Drug Stores,Food & Drug Stores,268500,139081,-3080,96628,10100
29,Valero Energy,VLO,Energy,Petroleum Refining,9897,139001,8835,63056,48641
30,Meta Platforms,META,Technology,Internet Services and Retailing,67317,134902,39098,229623,1258678
31,Verizon Communications,VZ,Telecommunications,Telecommunications,105400,133974,11614,380255,171696
32,AT&T,T,Telecommunications,Telecommunications,150470,122428,14400,407060,133222
33,Comcast,CMCSA,Telecommunications,Telecommunications,186000,121572,15388,264811,152786
34,Wells Fargo,WFC,Financials,Commercial Banks,226000,115340,19142,1932468,201265
35,Goldman Sachs Group,GS,Financials,Commercial Banks,45300,108418,8516,1641594,164412
36,Freddie Mac,FMCC,Financials,Diversified Financials,8020,108050,10538,3280976,4528
37,Target,TGT,Retailing,General Merchandisers,415000,107412,4138,55356,69997
38,Humana,HUM,Health Care,Health Care: Insurance and Managed Care,67600,106374,2489,47065,46298
39,State Farm Insurance,,Financials,Insurance: Property and Casualty (Mutual),65054,104198.6,-6272.3,339484.7,
40,Tesla,TSLA,Motor Vehicles & Parts,Motor Vehicles & Parts,140473,96773,14997,106618,805719
41,Morgan Stanley,MS,Financials,Commercial Banks,80006,96194,9087,1193693,171065
42,Johnson & Johnson,JNJ,Health Care,Pharmaceuticals,131900,95195,35153,167558,359173
43,Archer Daniels Midland,ADM,"Food, Beverages & Tobacco",Food Production,41008,93935,3483,54631,31347
44,PepsiCo,PEP,"Food, Beverages & Tobacco",Food Consumer Products,318000,91471,9074,100495,225074
45,United Parcel Service,UPS,Transportation,"Mail, Package, and Freight Delivery",382550,90958,6708,70857,123329
46,FedEx,FDX,Transportation,"Mail, Package, and Freight Delivery",446400,90155,3972,87143,74517
47,Walt Disney,DIS,Media,Entertainment,199125,88898,2354,205579,176598
48,Dell Technologies,DELL,Technology,"Computers, Office Equipment",120000,88425,3211,82089,97331
49,Lowe's,LOW,Retailing,Specialty Retailers: Other,226000,86377,7726,41795,132299
50,Procter & Gamble,PG,Household Products,Household and Personal Products,107000,82006,14653,120829,388431
51,Energy Transfer,ET,Energy,Pipelines,13786,78586,3935,113698,55235
52,Boeing,BA,Aerospace & Defense,Aerospace & Defense,171000,77794,-2222,137012,109953
53,Albertsons,ACI,Food & Drug Stores,Food & Drug Stores,198650,77649.7,1513.5,26168.2,11333
54,Sysco,SYY,Wholesalers,Wholesalers: Food and Grocery,71750,76324.7,1770.1,22821.1,35755
55,RTX,RTX,Aerospace & Defense,Aerospace & Defense,185000,68920,3195,161869,135104
56,General Electric,GE,Industrials,Industrial Machinery,125000,67954,9481,163045,174655
57,Lockheed Martin,LMT,Aerospace & Defense,Aerospace & Defense,122000,67571,6920,52456,111303
58,American Express,AXP,Financials,Diversified Financials,74600,67364,8374,261108,175510
59,Caterpillar,CAT,Industrials,Construction and Farm Machinery,113200,67060,10335,87476,169100
60,MetLife,MET,Financials,"Insurance: Life, Health (stock)",45000,66905,1578,687584,52929
61,HCA Healthcare,HCA,Health Care,Health Care: Medical Facilities,265000,64968,5242,56211,83022
62,Progressive,PGR,Financials,Insurance: Property and Casualty (Stock),61432,62108.5,3902.4,88690.8,127155
63,IBM,IBM,Technology,Information Technology Services,296600,61860,7502,135241,167994
64,Deere,DE,Industrials,Construction and Farm Machinery,82956,61251,10166,104087,102421
65,Nvidia,NVDA,Technology,Semiconductors and Other Electronic Components,29600,60922,29760,65728,3159624
66,StoneX Group,SNEX,Financials,Diversified Financials,4137,60856.1,238.5,21938.7,2516
67,Merck,MRK,Health Care,Pharmaceuticals,71000,60115,365,106675,324503
68,ConocoPhillips,COP,Energy,"Mining, Crude-Oil Production",9900,58574,10957,95924,133994
69,Pfizer,PFE,Health Care,Pharmaceuticals,88000,58496,2119,226501,164898
70,Delta Air Lines,DAL,Transportation,Airlines,103000,58048,4609,73644,27753
71,TD Synnex,SNX,Wholesalers,Wholesalers: Electronics and Office Equipment,28000,57555.4,626.9,29412.8,9836
72,Publix Super Markets,PFE,Food & Drug Stores,Food & Drug Stores,253000,57534,4349,34384,
73,Allstate,ALL,Financials,Insurance: Property and Casualty (Stock),53200,57094,-188,103362,44050
74,Cisco Systems,CSCO,Technology,Network and Other Communications Equipment,84900,56998,12613,101852,191932
75,Nationwide,,Financials,Insurance: Property and Casualty (Mutual),24118,54609.4,-45.2,290615,
76,Charter Communications,CHTR,Telecommunications,Telecommunications,101100,54607,4557,147193,52350
77,AbbVie,ABBV,Health Care,Pharmaceuticals,50000,54318,4863,134711,296719
78,New York Life Insurance,,Financials,"Insurance: Life, Health (Mutual)",15384,54317.2,804.6,408904.9,
79,Intel,INTC,Technology,Semiconductors and Other Electronic Components,124800,54228,1689,191572,146692
80,TJX,TJX,Retailing,Specialty Retailers: Apparel,349000,54217,4474,29747,128622
81,Prudential Financial,PRU,Financials,"Insurance: Life, Health (stock)",40366,53979,2488,721123,45069
82,HP,HPQ,Technology,"Computers, Office Equipment",58000,53718,3263,37004,36539
83,United Airlines Holdings,UAL,Transportation,Airlines,103300,53717,2618,71104,14573
84,Performance Food Group,PFGC,Wholesalers,Wholesalers: Food and Grocery,34825,53354.7,397.2,12499,9951
85,Tyson Foods,TSN,"Food, Beverages & Tobacco",Food Production,139000,52881,-648,36251,20461
86,American Airlines Group,AAL,Transportation,Airlines,132100,52788,822,63058,6947
87,Liberty Mutual Insurance Group,,Financials,Insurance: Property and Casualty (Stock),45000,52612,213,165208,
88,Nike,NKE,Apparel,Apparel,83700,51217,5070,37531,107632
89,Oracle,ORCL,Technology,Computer Software,164000,49954,8503,134384,394281
90,Enterprise Products Partners,EPD,Energy,Pipelines,7500,49715,5532,70982,64278
91,Capital One Financial,COF,Financials,Commercial Banks,51987,49484,4887,478464,55230
92,Plains GP Holdings,PAGP,Energy,Pipelines,4200,48712,198,28597,3862
93,World Kinect,WKC,Energy,Energy,5289,47710.6,52.9,7375.3,1579
94,AIG,AIG,Financials,Insurance: Property and Casualty (Stock),25200,46802,3643,539306,51514
95,Coca-Cola,KO,"Food, Beverages & Tobacco",Beverages,79100,45754,10714,97703,273167
96,TIAA,,Financials,"Insurance: Life, Health (Mutual)",16023,45734.8,-1408.9,629369.9,
97,CHS,,"Food, Beverages & Tobacco",Food Production,10609,45590,1900.4,18957.4,
98,Bristol-Myers Squibb,BMY,Health Care,Pharmaceuticals,34100,45006,8025,95159,81388
99,Dow,DOW,Chemicals,Chemicals,35900,44622,589,57967,37463
100,Best Buy,BBY,Retailing,Specialty Retailers: Other,85000,43452,1241,14967,18444
101,Thermo Fisher Scientific,TMO,Technology,"Scientific,Photographic and  Control Equipment",122000,42857,5995,98726,207913
102,Massachusetts Mutual Life Insurance,,Financials,"Insurance: Life, Health (Mutual)",11323,42641.4,-771.6,397895,
103,USAA,,Financials,Insurance: Property and Casualty (Stock),37376,42493.4,1213.5,211637.6,
104,General Dynamics,GD,Aerospace & Defense,Aerospace & Defense,111600,42272,3315,54810,78309
105,Travelers,TRV,Financials,Insurance: Property and Casualty (Stock),33133,41364,2991,125978,48867
106,Warner Bros. Discovery,WBD,Media,Entertainment,35300,41321,-3126,122757,18181
107,U.S. Bancorp,USB,Financials,Commercial Banks,75465,40624,5429,663491,66086
108,Abbott Laboratories,ABT,Health Care,Medical Products and Equipment,114000,40109,5723,73214,179113
109,Northrop Grumman,NOC,Aerospace & Defense,Aerospace & Defense,101000,39290,2056,46544,63920
110,Northwestern Mutual,,Financials,"Insurance: Life, Health (Mutual)",8239,38788.1,711.4,358828.6,
111,Dollar General,DG,Retailing,Specialty Retailers: Other,185800,38691.6,1661.3,30795.6,27918
112,PBF Energy,PBF,Energy,Petroleum Refining,3776,38324.8,2140.5,14387.8,4790
113,Uber Technologies,UBER,Technology,Internet Services and Retailing,30400,37281,1887,38699,151051
114,Honeywell International,HON,Industrials,Industrial Machinery,95000,36662,5658,61525,140474
115,Mondelez International,MDLZ,"Food, Beverages & Tobacco",Food Consumer Products,91000,36016,4959,71391,86317
116,Starbucks,SBUX,"Hotels, Restaurants & Leisure",Food Services,381000,35975.6,4124.5,29445.5,82404
117,Qualcomm,QCOM,Technology,Semiconductors and Other Electronic Components,50000,35820,7232,51040,232329
118,Broadcom,AVGO,Technology,Semiconductors and Other Electronic Components,20000,35819,14082,72861,797940
119,US Foods Holding,USFD,Wholesalers,Wholesalers: Food and Grocery,30000,35597,506,13187,12829
120,D.R. Horton,DHI,Engineering & Construction,Homebuilders,13450,35460.4,4745.7,32582.4,50108
121,Philip Morris International,PM,"Food, Beverages & Tobacco",Tobacco,82700,35174,7813,65304,163337
122,Paccar,PCAR,Motor Vehicles & Parts,Motor Vehicles & Parts,32400,35127.4,4600.8,40823.4,54799
123,Salesforce,CRM,Technology,Computer Software,72682,34857,4136,99823,245021
124,Nucor,NUE,Materials,Metals,32000,34713.5,4524.8,35340.5,39530
125,Jabil,JBL,Technology,Semiconductors and Other Electronic Components,236000,34702,818,19424,13080
126,Lennar,LEN,Engineering & Construction,Homebuilders,12284,34233.4,3938.5,39234.3,43389
127,Eli Lilly,LLY,Health Care,Pharmaceuticals,43000,34124.1,5240.4,64006.3,903322
128,Molina Healthcare,MOH,Health Care,Health Care: Insurance and Managed Care,18000,34072,1091,14892,16755
129,Cummins,CMI,Industrials,Industrial Machinery,75500,34065,735,32005,39520
130,Bank of New York Mellon,BK,Financials,Commercial Banks,53400,33805,3286,409953,49139
131,Netflix,NFLX,Media,Entertainment,13000,33723.3,5408,48732,282865
132,Truist Financial,TFC,Financials,Commercial Banks,49935,33246,-1091,535349,55397
133,Arrow Electronics,ARW,Wholesalers,Wholesalers: Electronics and Office Equipment,22100,33107.1,903.5,21726.2,6525
134,3M,MMM,Chemicals,Chemicals,85000,32681,-6995,50580,56841
135,Visa,V,Business Services,Financial Data Services,28800,32653,17273,90499,551134
136,Apollo Global Management,APO,Financials,Securities,6855,32644,5047,313488,69703
137,HF Sinclair,DINO,Energy,Petroleum Refining,5218,31964.4,1589.7,17716.3,11988
138,CBRE Group,CBRE,Financials,Real estate,130000,31949,986,22548,29726
139,PNC Financial Services Group,PNC,Financials,Commercial Banks,55612,31882,5578,561580,64292
140,Lithia Motors,LAD,Retailing,"Automotive Retailing, Services",25051,31310.9,1000.8,19632.5,8283
141,CarMax,KMX,Retailing,"Automotive Retailing, Services",30621,31126.4,484.8,26182.7,13757
142,Paramount Global,PARA,Media,Entertainment,24150,30610,-608,53543,8099
143,Dollar Tree,DLTR,Retailing,Specialty Retailers: Other,138860,30603.8,-998.4,22023.5,29024
144,United Natural Foods,UNFI,Wholesalers,Wholesalers: Food and Grocery,29455,30272,24,7394,683
145,PayPal Holdings,PYPL,Business Services,Financial Data Services,27200,29771,4246,82166,71796
146,Penske Automotive Group,PAG,Retailing,"Automotive Retailing, Services",28000,29527.4,1053.2,15671.5,10861
147,Hewlett Packard Enterprise,HPE,Technology,"Computers, Office Equipment",62000,29135,2025,57153,23049
148,Duke Energy,DUK,Energy,Utilities: Gas and Electric,27037,28932,2841,176893,74608
149,Occidental Petroleum,OXY,Energy,"Mining, Crude-Oil Production",12570,28918,4696,74008,57611
150,NRG Energy,NRG,Energy,Energy,18131,28823,-202,26038,14535
151,Amgen,AMGN,Health Care,Pharmaceuticals,26700,28190,6717,97154,152373
152,NextEra Energy,NEE,Energy,Utilities: Gas and Electric,16800,28114,7310,177489,131171
153,Danaher,DHR,Health Care,Medical Products and Equipment,62000,27602,4764,84488,184929
154,Gilead Sciences,GILD,Health Care,Pharmaceuticals,18000,27116,5665,62125,91341
155,AutoNation,AN,Retailing,"Automotive Retailing, Services",25300,26948.9,1021.1,11980,6902
156,Kraft Heinz,KHC,"Food, Beverages & Tobacco",Food Consumer Products,36000,26640,2855,90339,44857
157,Avnet,AVT,Wholesalers,Wholesalers: Electronics and Office Equipment,15800,26536.9,770.8,12477.2,4480
158,Applied Materials,AMAT,Technology,Semiconductors and Other Electronic Components,34000,26517,6856,30729,171356
159,Southwest Airlines,LUV,Transportation,Airlines,74806,26091,465,36487,17417
160,Charles Schwab,SCHW,Financials,Securities,33000,25521,5067,493178,131975
161,Baker Hughes,BKR,Energy,"Oil and Gas Equipment, Services",58000,25506,1943,36945,33530
162,McDonald's,MCD,"Hotels, Restaurants & Leisure",Food Services,150000,25493.7,8468.8,56146.8,203582
163,Southern Company,SO,Energy,Utilities: Gas and Electric,27960,25253,3976,139331,78269
164,Mastercard,MA,Business Services,Financial Data Services,33400,25098,11195,42448,449253
165,Constellation Energy,CEG,Energy,Energy,13842,24918,1623,50758,58250
166,Hartford Financial Services Group,HIG,Financials,Insurance: Property and Casualty (Stock),18700,24527,2504,76780,30637
167,PG&E,PCG,Energy,Utilities: Gas and Electric,28010,24428,2242,125698,35760
168,Coupang,CPNG,Retailing,Internet Services and Retailing,78000,24383,1360,13346,31903
169,EOG Resources,EOG,Energy,"Mining, Crude-Oil Production",3050,24186,7594,43857,73536
170,Union Pacific,UNP,Transportation,Railroads,32973,24119,6379,67132,150041
171,Rite Aid,RADCQ,Food & Drug Stores,Food & Drug Stores,47000,24091.9,-749.9,7527.4,9
172,Macy's,M,Retailing,General Merchandisers,85581,23866,105,16246,5483
173,Marriott International,MAR,"Hotels, Restaurants & Leisure","Hotels, Casinos, Resorts",148000,23713,3083,25674,72731
174,Lear,LEA,Motor Vehicles & Parts,Motor Vehicles & Parts,186600,23466.9,572.5,14695.5,8263
175,Genuine Parts,GPC,Wholesalers,Wholesalers: Diversified,60000,23090.6,1316.5,17968.5,21601
176,Sherwin-Williams,SHW,Chemicals,Chemicals,64088,23051.9,2388.8,22954.4,88255
177,Halliburton,HAL,Energy,"Oil and Gas Equipment, Services",48000,23018,2638,24683,35088
178,Freeport-McMoRan,FCX,Energy,"Mining, Crude-Oil Production",27200,22855,1848,52506,67446
179,Live Nation Entertainment,LYV,Media,Entertainment,23200,22749.1,563.3,19074,24412
180,Marsh & McLennan,MMC,Financials,Diversified Financials,85000,22736,3756,48030,101658
181,Advanced Micro Devices,AMD,Technology,Semiconductors and Other Electronic Components,26000,22680,854,67885,291697
182,First Citizens BancShares,FCNCA,Financials,Commercial Banks,15868,22466,11466,213758,23620
183,WESCO International,WCC,Wholesalers,Wholesalers: Diversified,20000,22385.2,765.5,15060.9,8727
184,Carrier Global,CARR,Industrials,Industrial Machinery,53000,22098,1349,32822,52323
185,Cleveland-Cliffs,CLF,Materials,Metals,28000,21996,399,17537,11331
186,Block,SQ,Business Services,Financial Data Services,12985,21915.6,9.8,34069.9,52075
187,Exelon,EXC,Energy,Utilities: Gas and Electric,19962,21727,2328,101546,37560
188,KKR,KKR,Financials,Securities,4490,21685.3,3732.3,317294.2,89014
189,CDW,CDW,Technology,Information Technology Services,15100,21376,1104.3,13284.6,34330
190,Booking Holdings,BKNG,Technology,Internet Services and Retailing,23482,21365,4289,24342,123968
191,Synchrony,SYF,Financials,Diversified Financials,20000,20999,2238,117479,17543
192,Quanta Services,PWR,Engineering & Construction,Engineering & Construction,52500,20882.2,744.7,16237.2,37866
193,Jones Lang LaSalle,JLL,Financials,Real estate,106100,20760.8,225.4,16064.8,9256
194,Discover Financial Services,DFS,Financials,Commercial Banks,21100,20606,2940,151522,32847
195,Tenet Healthcare,THC,Health Care,Health Care: Medical Facilities,95905,20548,611,28312,10511
196,Altria Group,MO,"Food, Beverages & Tobacco",Tobacco,6400,20502,8130,38570,76922
197,Stryker,SYK,Health Care,Medical Products and Equipment,52000,20498,3165,39912,136159
198,Kimberly-Clark,KMB,Household Products,Household and Personal Products,41000,20431,1764,17344,43580
199,Waste Management,WM,Business Services,Waste Management,48000,20426,2304,32823,85601
200,Cheniere Energy,LNG,Energy,Pipelines,1605,20394,9881,43076,37851
201,Ross Stores,ROST,Retailing,Specialty Retailers: Apparel,108000,20376.9,1874.5,14300.1,49409
202,WestRock,,Materials,"Packaging, Containers",56100,20310,-1649,27443.7,12707
203,General Mills,GIS,"Food, Beverages & Tobacco",Food Consumer Products,34000,20094.2,2593.9,31451.7,39502
204,Goodyear Tire & Rubber,GT,Motor Vehicles & Parts,Motor Vehicles & Parts,71000,20066,-689,21582,3901
205,BJ's Wholesale Club,BJ,Retailing,General Merchandisers,34000,19968.7,523.7,6677.6,10059
206,GE HealthCare Technologies,GEHC,Health Care,Medical Products and Equipment,51000,19552,1568,32454,41397
207,Colgate-Palmolive,CL,Household Products,Household and Personal Products,34000,19457,2300,16393,74020
208,Whirlpool,WHR,Industrials,"Electronics, Electrical Equip.",59000,19455,481,17312,6515
209,L3Harris Technologies,LHX,Aerospace & Defense,Aerospace & Defense,50000,19419,1227,41687,40508
210,Adobe,ADBE,Technology,Computer Software,29945,19409,5428,29779,226061
211,Becton Dickinson,BDX,Health Care,Medical Products and Equipment,73000,19372,1484,52780,71489
212,Pioneer Natural Resources,PXD,Energy,"Mining, Crude-Oil Production",2213,19362,4894,36613,61326
213,Cognizant Technology Solutions,CTSH,Technology,Information Technology Services,347700,19353,2126,18483,36487
214,Murphy USA,MUSA,Retailing,Specialty Retailers: Other,10750,19238.2,556.8,4340.1,8727
215,Fiserv,FI,Business Services,Financial Data Services,42000,19093,3068,90890,94358
216,Parker-Hannifin,PH,Industrials,Industrial Machinery,62730,19065.2,2082.9,29964.5,71370
217,American Electric Power,AEP,Energy,Utilities: Gas and Electric,17250,18982.3,2208.1,96684,45339
218,International Paper,IP,Materials,"Packaging, Containers",39000,18916,288,23261,13515
219,ManpowerGroup,MAN,Business Services,Temporary Help,27900,18914.5,88.8,8830.2,3756
220,Aramark,ARMK,Business Services,Diversified Outsourcing Services,262550,18853.9,674.1,16871.2,8535
221,Steel Dynamics,STLD,Materials,Metals,12600,18795.3,2450.9,14908.4,23413
222,Aflac,AFL,Financials,"Insurance: Life, Health (stock)",12785,18701,4659,126724,49405
223,Reinsurance Group of America,RGA,Financials,"Insurance: Life, Health (stock)",3900,18567,902,97623,12683
224,Emerson Electric,EMR,Industrials,Industrial Machinery,67000,18370,13219,42746,64842
225,State Street,STT,Financials,Commercial Banks,46451,18366,1944,297258,23346
226,PPG Industries,PPG,Chemicals,Chemicals,53000,18246,1270,21647,34104
227,United States Steel,X,Materials,Metals,21803,18053,895,20451,9168
228,Automatic Data Processing,ADP,Business Services,Diversified Outsourcing Services,63000,18012.2,3412,50971,102591
229,Group 1 Automotive,GPI,Retailing,"Automotive Retailing, Services",16011,17873.7,601.6,7774.1,3999
230,Dominion Energy,D,Energy,Utilities: Gas and Electric,17700,17867,1994,109032,41201
231,BlackRock,BLK,Financials,Securities,19800,17859,5502,123211,124173
232,Oneok,OKE,Energy,Pipelines,4775,17677,2659,44266,46752
233,C.H. Robinson Worldwide,CHRW,Transportation,Transportation and Logistics,15246,17596.4,325.1,5225.3,8908
234,Texas Instruments,TXN,Technology,Semiconductors and Other Electronic Components,34000,17519,6510,32348,158541
235,Kohl's,KSS,Retailing,General Merchandisers,66000,17476,317,14009,3233
236,AutoZone,AZO,Retailing,Specialty Retailers: Other,95200,17457.2,2528.4,15985.9,54533
237,Lam Research,LRCX,Technology,Semiconductors and Other Electronic Components,17200,17428.5,4510.9,18781.6,127376
238,Corteva,CTVA,"Food, Beverages & Tobacco",Food Production,22500,17226,735,42996,40304
239,Peter Kiewit Sons',,Engineering & Construction,Engineering & Construction,31100,17118,1176,9724,
240,Builders FirstSource,BLDR,Materials,"Building Materials, Glass",29000,17097.3,1540.6,10499.5,25431
241,Kyndryl Holdings,KD,Technology,Information Technology Services,90000,17026,-1374,11464,5007
242,EchoStar,SATS,Telecommunications,Telecommunications,15300,17015.6,-1702.1,57108.9,3869
243,American Family Insurance Group,,Financials,Insurance: Property and Casualty (Stock),12417,16999.9,-891,38023.5,
244,Delek US Holdings,DK,Energy,Petroleum Refining,3591,16917.4,19.8,7171.8,1968
245,Land O'Lakes,,"Food, Beverages & Tobacco",Food Consumer Products,9000,16794.9,254.2,9464.3,
246,Sempra,SRE,Energy,Utilities: Gas and Electric,16835,16720,3074,87181,45439
247,Global Partners,GLP,Wholesalers,Wholesalers: Diversified,4273,16492.2,152.5,3446,1509
248,Grainger,GWW,Wholesalers,Wholesalers: Diversified,24650,16478,1829,8147,49983
249,Jacobs Solutions,J,Business Services,Diversified Outsourcing Services,58550,16352.4,665.8,14617.1,19316
250,Edison International,EIX,Energy,Utilities: Gas and Electric,14346,16338,1197,81758,27208
251,MGM Resorts International,MGM,"Hotels, Restaurants & Leisure","Hotels, Casinos, Resorts",67000,16164.2,1142.2,42368.5,14966
252,Guardian Life Ins. Co. of America,,Financials,"Insurance: Life, Health (Mutual)",7561,16137,375,96202,
253,Illinois Tool Works,ITW,Industrials,Industrial Machinery,45000,16107,2957,15518,80162
254,Ameriprise Financial,AMP,Financials,Diversified Financials,13800,16096,2556,175191,43928
255,PulteGroup,PHM,Engineering & Construction,Homebuilders,6382,16061.6,2602.4,16087.1,25449
256,Targa Resources,TRGP,Energy,Pipelines,3182,16060.3,1345.9,20671.8,24922
257,Ally Financial,ALLY,Financials,Diversified Financials,11100,15971,1020,196392,12338
258,BorgWarner,BWA,Motor Vehicles & Parts,Motor Vehicles & Parts,39900,15921,625,14453,8023
259,Est√©e Lauder,EL,Household Products,Household and Personal Products,53010,15910,1006,23415,55259
260,Loews,L,Financials,Insurance: Property and Casualty (Stock),12280,15901,1434,79197,17396
261,O'Reilly Automotive,ORLY,Retailing,Specialty Retailers: Other,82958,15812.3,2346.6,13873,66634
262,Markel Group,MKL,Financials,Insurance: Property and Casualty (Stock),21600,15803.6,1996.1,55045.7,19947
263,Stanley Black & Decker,SWK,Household Products,"Home Equipment, Furnishings",50500,15781.1,-310.5,23663.8,15062
264,Micron Technology,MU,Technology,Semiconductors and Other Electronic Components,43000,15540,-5833,64254,130548
265,Fluor,FLR,Engineering & Construction,Engineering & Construction,30187,15474,139,6973,7192
266,Leidos Holdings,LDOS,Technology,Information Technology Services,47000,15438,199,12695,17701
267,Viatris,VTRS,Health Care,Pharmaceuticals,38000,15426.9,54.7,47685.5,14180
268,Kinder Morgan,KMI,Energy,Pipelines,10891,15334,2391,71020,40703
269,Ecolab,ECL,Chemicals,Chemicals,48000,15320.2,1372.3,21846.6,66017
270,Baxter International,BAX,Health Care,Medical Products and Equipment,60000,15282,2656,28276,21705
271,Devon Energy,DVN,Energy,"Mining, Crude-Oil Production",1900,15258,3747,24490,31864
272,Kellanova,K,"Food, Beverages & Tobacco",Food Consumer Products,23000,15207,951,15621,19579
273,Farmers Insurance Exchange,,Financials,Insurance: Property and Casualty (Mutual),9685,15194.4,-652.9,23677.7,
274,Casey's General Stores,CASY,Retailing,Specialty Retailers: Other,31637,15094.5,446.7,5943.3,11788
275,IQVIA Holdings,IQV,Health Care,Health Care: Pharmacy and Other Services,87000,14984,1358,26681,46029
276,Republic Services,RSG,Business Services,Waste Management,41000,14964.5,1731,31410.1,60229
277,Fox,FOXA,Media,Entertainment,10400,14913,1239,21866,14225
278,Gap,GPS,Retailing,Specialty Retailers: Apparel,85000,14889,502,11044,10290
279,Keurig Dr Pepper,KDP,"Food, Beverages & Tobacco",Beverages,28100,14814,2181,52130,42557
280,Reliance,RS,Materials,Metals,15250,14805.9,1335.9,10480.3,19190
281,Asbury Automotive Group,ABG,Retailing,"Automotive Retailing, Services",15000,14802.7,602.5,10159.4,4811
282,Pacific Life,,Financials,"Insurance: Life, Health (stock)",4181,14802,875,217386,
283,Vistra,VST,Energy,Energy,4870,14779,1493,32966,24230
284,Western & Southern Financial Group,,Financials,"Insurance: Life, Health (Mutual)",2669,14775.1,484.8,75968.9,
285,Andersons,ANDE,"Food, Beverages & Tobacco",Food Production,2297,14750.1,101.2,3855,1953
286,Nordstrom,JWN,Retailing,General Merchandisers,54000,14693,134,8444,3309
287,Omnicom Group,OMC,Business Services,"Advertising, marketing",75900,14692.2,1391.4,28044.6,19081
288,Fidelity National Information Services,FIS,Business Services,Financial Data Services,60000,14680,-6654,55105,42762
289,Consolidated Edison,ED,Energy,Utilities: Gas and Electric,14592,14663,2519,66331,31376
290,CSX,CSX,Transportation,Railroads,23232,14657,3715,42408,72568
291,AECOM,ACM,Engineering & Construction,Engineering & Construction,52000,14591.3,55.3,11233.4,13341
292,Lumen Technologies,LUMN,Telecommunications,Telecommunications,28000,14557,-10298,34018,1585
293,Tractor Supply,TSCO,Retailing,Specialty Retailers: Other,37500,14555.7,1107.2,9188.2,28248
294,DXC Technology,DXC,Technology,Information Technology Services,130000,14430,-568,15845,3879
295,AGCO,AGCO,Industrials,Construction and Farm Machinery,27900,14412.4,1171.4,11421.2,9180
296,Sonic Automotive,SAH,Retailing,"Automotive Retailing, Services",10500,14372.4,178.2,5364.6,1942
297,Intuit,INTU,Technology,Computer Software,22900,14368,2384,27780,181986
298,United Rentals,URI,Business Services,Equipment Leasing,26300,14332,2424,25589,48437
299,Universal Health Services,UHS,Health Care,Health Care: Medical Facilities,85025,14282,717.8,13967.6,12265
300,Boston Scientific,BSX,Health Care,Medical Products and Equipment,48000,14240,1592,35136,100673
301,Otis Worldwide,OTIS,Industrials,Industrial Machinery,71000,14209,1406,10117,40250
302,Xcel Energy,XEL,Energy,Utilities: Gas and Electric,11311,14206,1771,64079,29840
303,Edward Jones,,Financials,Securities,54000,14080,1612,28003,
304,Ball,BALL,Materials,"Packaging, Containers",21000,14029,707,19303,21206
305,LKQ,LKQ,Wholesalers,Wholesalers: Diversified,49000,13866,936,15079,14249
306,Mutual of Omaha,,Financials,"Insurance: Life, Health (Mutual)",6231,13855.8,47.7,51838.6,
307,Mosaic,MOS,Chemicals,Chemicals,14049,13696.1,1164.9,23032.8,10442
308,Textron,TXT,Aerospace & Defense,Aerospace & Defense,35000,13683,921,16856,18501
309,Labcorp Holdings,LH,Health Care,Health Care: Pharmacy and Other Services,61975,13668.2,418,16725.1,18373
310,Principal Financial,PFG,Financials,"Insurance: Life, Health (stock)",19800,13665.8,623.2,305046.7,20358
311,Regeneron Pharmaceuticals,REGN,Health Care,Pharmaceuticals,13450,13117.2,3953.6,33080.2,105645
312,Raymond James Financial,RJF,Financials,Securities,18000,12992,1739,78360,26843
313,Dick's Sporting Goods,DKS,Retailing,Specialty Retailers: Other,37200,12984.4,1046.5,9311.8,18539
314,Auto-Owners Insurance,,Financials,Insurance: Property and Casualty (Mutual),6946,12937.7,-912.4,36238.2,
315,Expedia Group,EXPE,Retailing,Internet Services and Retailing,17100,12839,797,21642,18774
316,J.B. Hunt Transport Services,JBHT,Transportation,"Trucking, Truck Leasing",34718,12829.7,728.3,8538.3,20582
317,M&T Bank,MTB,Financials,Commercial Banks,21980,12752,2741,208264,24233
318,DTE Energy,DTE,Energy,Utilities: Gas and Electric,9950,12745,1397,44755,23205
319,AES,AES,Energy,Utilities: Gas and Electric,9600,12668,249,44799,12745
320,Berry Global Group,BERY,Materials,"Packaging, Containers",44000,12664,609,16587,7010
321,Fifth Third Bancorp,FITB,Financials,Commercial Banks,18724,12641,2349,214574,25435
322,Air Products & Chemicals,APD,Chemicals,Chemicals,21850,12600,2300.2,32002.5,53857
323,Corning,GLW,Industrials,"Electronics, Electrical Equip.",49800,12588,581,28500,28192
324,EMCOR Group,EME,Engineering & Construction,Engineering & Construction,38300,12582.9,633,6609.7,16482
325,Amphenol,APH,Technology,Network and Other Communications Equipment,95000,12554.7,1928,16526.4,69193
326,Westlake,WLK,Chemicals,Chemicals,15520,12548,479,21035,19637
327,DuPont,DD,Chemicals,Chemicals,24000,12528,423,38552,32016
328,Liberty Media,LSXMA,Media,Entertainment,6486,12525,761,41168,9700
329,S&P Global,SPGI,Business Services,Financial Data Services,40450,12497,2626,60589,136253
330,Community Health Systems,CYH,Health Care,Health Care: Medical Facilities,54500,12490,-133,14455,486
331,FirstEnergy,FE,Energy,Utilities: Gas and Electric,12042,12450,1102,48767,22226
332,Unum Group,UNM,Financials,"Insurance: Life, Health (stock)",10683,12385.9,1283.8,63255.2,10299
333,Henry Schein,HSIC,Health Care,Wholesalers: Health Care,25000,12339,416,10573,9705
334,Western Digital,WDC,Technology,"Computers, Office Equipment",53000,12318,-1706,24429,22279
335,Analog Devices,ADI,Technology,Semiconductors and Other Electronic Components,26000,12305.5,3314.6,48794.5,98086
336,Conagra Brands,CAG,"Food, Beverages & Tobacco",Food Consumer Products,18600,12277,683.6,22052.6,14168
337,Citizens Financial Group,CFG,Financials,Commercial Banks,17570,12187,1608,221964,16635
338,Norfolk Southern,NSC,Transportation,Railroads,20700,12156,1827,41652,57570
339,Entergy,ETR,Energy,Utilities: Gas and Electric,12177,12147.4,2356.5,59703.4,22536
340,W.R. Berkley,WRB,Financials,Insurance: Property and Casualty (Stock),8329,12142.9,1381.4,37202,22689
341,DaVita,DVA,Health Care,Health Care: Medical Facilities,70000,12140.1,691.5,16893.6,12107
342,Northern Trust,NTRS,Financials,Commercial Banks,23100,12116.5,1107.3,150783.1,18141
343,Hormel Foods,HRL,"Food, Beverages & Tobacco",Food Consumer Products,20000,12110,793.6,13448.8,19109
344,Crown Holdings,CCK,Materials,"Packaging, Containers",25000,12010,450,15034,9574
345,Avis Budget Group,CAR,Retailing,"Automotive Retailing, Services",21250,12008,1632,32569,4344
346,Wayfair,W,Retailing,Internet Services and Retailing,12800,12003,-738,3474,8175
347,MasTec,MTZ,Engineering & Construction,Engineering & Construction,34000,11995.9,-49.9,9373.5,7393
348,Eversource Energy,ES,Energy,Utilities: Gas and Electric,10171,11910.7,-442.2,55612.2,20963
349,Newmont,NEM,Energy,"Mining, Crude-Oil Production",21700,11812,-2494,55506,41316
350,Ryder System,R,Transportation,Transportation and Logistics,47500,11783,406,15778,5321
351,Fidelity National Financial,FNF,Financials,Insurance: Property and Casualty (Stock),22293,11752,517,80614,14507
352,Molson Coors Beverage,TAP,"Food, Beverages & Tobacco",Beverages,16500,11702.1,948.9,26375.1,14298
353,Caesars Entertainment,CZR,"Hotels, Restaurants & Leisure","Hotels, Casinos, Resorts",51000,11673,786,33366,9461
354,Lincoln National,LNC,Financials,"Insurance: Life, Health (stock)",11024,11645,-752,372413,5418
355,VF,VFC,Apparel,Apparel,26400,11612.5,118.6,13990.5,5964
356,International Flavors & Fragrances,IFF,Chemicals,Chemicals,21500,11479,-2567,30978,21955
357,Huntington Ingalls Industries,HII,Aerospace & Defense,Aerospace & Defense,44000,11454,681,11215,11545
358,Advance Auto Parts,AAP,Retailing,Specialty Retailers: Other,54500,11287.6,29.7,12276.3,5072
359,Public Service Enterprise Group,PEG,Energy,Utilities: Gas and Electric,12543,11237,2563,50741,33296
360,Ulta Beauty,ULTA,Retailing,Specialty Retailers: Other,38000,11207.3,1291,5707,25239
361,Hershey,HSY,"Food, Beverages & Tobacco",Food Consumer Products,19578,11165,1861.8,11902.9,39719
362,Chewy,CHWY,Retailing,Internet Services and Retailing,18100,11147.7,39.6,3186.9,6920
363,American Tower,AMT,Financials,Real estate,5643,11144.2,1483.3,66027.6,92147
364,Mohawk Industries,MHK,Household Products,"Home Equipment, Furnishings",43300,11135.1,-439.5,13559.9,8337
365,Assurant,AIZ,Financials,Insurance: Property and Casualty (Stock),13600,11131.6,642.5,33635.2,9784
366,Thor Industries,THO,Motor Vehicles & Parts,Motor Vehicles & Parts,24900,11121.6,374.3,7260.8,6257
367,Graybar Electric,,Wholesalers,Wholesalers: Diversified,9500,11042.4,463.4,4006.1,
368,Yum China Holdings,YUMC,"Hotels, Restaurants & Leisure",Food Services,293500,10978,827,12031,15599
369,Celanese,CE,Chemicals,Chemicals,12410,10940,1960,26597,19173
370,Qurate Retail,QRTEA,Retailing,Internet Services and Retailing,20386,10915,-145,11368,511
371,Williams,WMB,Energy,Pipelines,5601,10907,3179,52627,47482
372,Interpublic Group,IPG,Business Services,"Advertising, marketing",57400,10889.3,1098.4,19267.3,12358
373,Ovintiv,OVV,Energy,"Mining, Crude-Oil Production",1743,10883,2085,19987,13959
374,Icahn Enterprises,IEP,Financials,Diversified Financials,15038,10847,-684,20858,7298
375,Huntington Bancshares,HBAN,Financials,Commercial Banks,19955,10837,1951,189368,20309
376,Erie Insurance Group,,Financials,Insurance: Property and Casualty (Mutual),6510,10812.5,-526.6,27515.2,
377,Carvana,CVNA,Retailing,"Automotive Retailing, Services",13700,10771,450,7071,16944
378,Hess,HES,Energy,"Mining, Crude-Oil Production",1756,10645,1382,24007,46884
379,Dana,DAN,Motor Vehicles & Parts,Motor Vehicles & Parts,41800,10555,38,7965,1841
380,Alcoa,AA,Materials,Metals,13600,10551,-651,14155,6067
381,Equitable Holdings,EQH,Financials,"Insurance: Life, Health (stock)",10700,10528,1302,276814,12532
382,KLA,KLAC,Technology,Semiconductors and Other Electronic Components,15105,10496.1,3387.3,14072.4,94470
383,Darden Restaurants,DRI,"Hotels, Restaurants & Leisure",Food Services,187384,10487.8,981.9,10241.5,19960
384,Autoliv,ALV,Motor Vehicles & Parts,Motor Vehicles & Parts,66434,10475,488,8332,9810
385,Alaska Air Group,ALK,Transportation,Airlines,24610,10426,235,14613,5408
386,KeyCorp,KEY,Financials,Commercial Banks,17692,10397,967,188281,14663
387,Las Vegas Sands,LVS,"Hotels, Restaurants & Leisure","Hotels, Casinos, Resorts",38550,10372,1221,21778,38840
388,Owens & Minor,OMI,Health Care,Wholesalers: Health Care,22200,10334,-41.3,5093.3,2123
389,Hilton Worldwide Holdings,HLT,"Hotels, Restaurants & Leisure","Hotels, Casinos, Resorts",178000,10235,1141,15401,53788
390,Ebay,EBAY,Technology,Internet Services and Retailing,12300,10112,2767,21620,27340
391,Arthur J. Gallagher,AJG,Financials,Diversified Financials,52118,10071.9,969.5,51615.8,54584
392,LPL Financial Holdings,LPLA,Financials,Securities,7372,10052.8,1066.3,10385.5,19736
393,Cincinnati Financial,CINF,Financials,Insurance: Property and Casualty (Stock),5426,10013.4,1843.3,32769.5,19456
394,Toll Brothers,TOL,Engineering & Construction,Homebuilders,4800,9994.9,1372.1,12527,13477
395,Motorola Solutions,MSI,Technology,Network and Other Communications Equipment,21000,9978,1709,13336,59142
396,Airbnb,ABNB,Technology,Internet Services and Retailing,6907,9917,4792,20645,106740
397,Intercontinental Exchange,ICE,Financials,Securities,13222,9903,2368,136084,78695
398,News Corp.,NWSA,Media,"Publishing, Printing",25000,9879,149,16921,15120
399,Chipotle Mexican Grill,CMG,"Hotels, Restaurants & Leisure",Food Services,116068,9871.6,1228.7,8044.4,79707
400,Vertex Pharmaceuticals,VRTX,Health Care,Pharmaceuticals,5400,9869.2,3619.6,22730.2,107975
401,Biogen,BIIB,Health Care,Pharmaceuticals,7570,9835.6,1161.1,26844.8,31344
402,GXO Logistics,GXO,Transportation,Transportation and Logistics,109000,9778,229,9507,6412
403,SpartanNash,SPTN,Wholesalers,Wholesalers: Food and Grocery,13500,9729.2,52.2,2355.6,700
404,Burlington Stores,BURL,Retailing,Specialty Retailers: Apparel,44050,9727.5,339.6,7706.8,14841
405,Thrivent Financial for Lutherans,,Financials,"Insurance: Life, Health (Mutual)",3810,9720.3,347.2,115628.7,
406,NVR,NVR,Engineering & Construction,Homebuilders,6300,9687.3,1591.6,6601.8,25904
407,Owens Corning,OC,Materials,"Building Materials, Glass",18000,9677,1196,11237,14510
407,Westinghouse Air Brake Technologies,WAB,Industrials,Industrial Machinery,29000,9677,815,18988,25790
409,Oshkosh,OSK,Industrials,Construction and Farm Machinery,17300,9657.9,598,9129.2,8178
410,Global Payments,GPN,Business Services,Financial Data Services,27000,9654.4,986.2,50570.2,34095
411,Lululemon athletica,LULU,Retailing,Specialty Retailers: Apparel,38000,9619.3,1550.2,7091.9,49225
412,Albemarle,ALB,Chemicals,Chemicals,9000,9617.2,1573.5,18270.7,15483
413,JetBlue Airways,JBLU,Transportation,Airlines,21310,9615,-310,13853,2524
414,Seaboard,SEB,"Food, Beverages & Tobacco",Food Production,12847,9562,226,7566,3131
415,Constellation Brands,STZ,"Food, Beverages & Tobacco",Beverages,9400,9452.6,-71,24662.3,49683
416,Graphic Packaging Holding,GPK,Materials,"Packaging, Containers",23500,9428,723,11175,8931
417,Hertz Global Holdings,HTZ,Retailing,"Automotive Retailing, Services",27000,9371,616,24605,2391
418,FM Global,,Financials,Insurance: Property and Casualty (Stock),5667,9359,3748.5,34479,
419,Campbell Soup,CPB,"Food, Beverages & Tobacco",Food Consumer Products,14500,9357,858,12058,13251
420,Expeditors Intl. of Washington,EXPD,Transportation,Transportation and Logistics,18452,9300.1,752.9,4523.8,17249
421,A-Mark Precious Metals,AMRK,Wholesalers,Wholesalers: Diversified,421,9286.6,156.4,1545.6,701
422,Booz Allen Hamilton Holding,BAH,Technology,Information Technology Services,31900,9258.9,271.8,6550.7,19260
423,Quest Diagnostics,DGX,Health Care,Health Care: Pharmacy and Other Services,44000,9252,854,14022,14783
424,Altice USA,ATUS,Telecommunications,Telecommunications,10600,9237.1,53.2,31923.6,1191
425,PVH,PVH,Apparel,Apparel,23000,9217.7,663.6,11172.9,8386
426,Eastman Chemical,EMN,Chemicals,Chemicals,14000,9210,894,14633,11786
427,Insight Enterprises,NSIT,Technology,Information Technology Services,14437,9175.8,281.3,6286.4,6046
428,Regions Financial,RF,Financials,Commercial Banks,20101,9153,2074,152194,19333
429,Beacon Roofing Supply,BECN,Wholesalers,Wholesalers: Diversified,8063,9119.8,435,6207.7,6218
430,Rockwell Automation,ROK,Industrials,"Electronics, Electrical Equip.",29000,9058,1387.4,11304,33384
431,Polaris,PII,Transportation,Transportation Equipment,18500,9014.8,502.8,5516.3,5655
432,ServiceNow,NOW,Technology,Computer Software,22668,8971,1731,17387,156292
433,Sanmina,SANM,Technology,Semiconductors and Other Electronic Components,36000,8935,310,4874,3468
434,UGI,UGI,Energy,Utilities: Gas and Electric,10500,8928,-1502,15401,5142
435,WEC Energy Group,WEC,Energy,Utilities: Gas and Electric,7000,8893,1331.7,43939.7,25935
436,BrightSpring Health Services,BGST,Health Care,Health Care: Pharmacy and Other Services,35000,8826.2,-154.6,5532.7,1861
437,Cintas,CTAS,Business Services,Diversified Outsourcing Services,44500,8815.8,1348,8546.4,69695
438,Commercial Metals,CMC,Materials,Metals,13022,8799.5,859.8,6639.1,6800
439,Continental Resources,CLR,Energy,"Mining, Crude-Oil Production",1457,8731.7,3095.8,22387.4,22342
440,Chesapeake Energy,CHK,Energy,"Mining, Crude-Oil Production",1000,8721,2419,14376,11619
441,CenterPoint Energy,CNP,Energy,Utilities: Gas and Electric,8827,8696,917,39715,18035
442,NGL Energy Partners,NGL,Energy,Pipelines,638,8694.9,51.4,5456.1,763
443,DoorDash,DASH,Technology,Internet Services and Retailing,19300,8635,-558,10839,55640
444,NOV,NOV,Energy,"Oil and Gas Equipment, Services",33676,8583,993,11294,7691
445,Zoetis,ZTS,Health Care,Pharmaceuticals,14100,8544,2344,14286,77476
446,J.M. Smucker,SJM,"Food, Beverages & Tobacco",Food Consumer Products,5800,8529.2,-91.3,14991.4,13364
447,Microchip Technology,MCHP,Technology,Semiconductors and Other Electronic Components,22600,8438.7,2237.7,16370.3,48478
448,Dover,DOV,Industrials,Industrial Machinery,25000,8438.1,1056.8,11348.5,24342
449,Diamondback Energy,FANG,Energy,"Mining, Crude-Oil Production",1023,8412,3143,29001,35363
450,Avery Dennison,AVY,Materials,"Packaging, Containers",35000,8364.3,503,8209.8,17976
451,PPL,PPL,Energy,Utilities: Gas and Electric,6629,8312,740,39236,20306
452,ON Semiconductor,ON,Technology,Semiconductors and Other Electronic Components,30050,8253,2183.7,13215.2,31430
453,ARKO,ARKO,Retailing,Specialty Retailers: Other,13481,8238.8,34.4,3650.4,662
454,Par Pacific Holdings,PARR,Energy,Petroleum Refining,1814,8232,728.6,3864,2199
455,APA,APA,Energy,"Mining, Crude-Oil Production",2271,8192,2855,15244,10367
456,Equinix,EQIX,Financials,Real estate,13151,8188.1,969.2,32650.7,78094
457,New York Community Bancorp,NYCB,Financials,Commercial Banks,8766,8178,-79,114057,2569
458,Foot Locker,FL,Retailing,Specialty Retailers: Apparel,30591,8168,-330,6868,2693
459,Ingredion,INGR,"Food, Beverages & Tobacco",Food Production,11600,8160,643,7642,7666
460,Newell Brands,NWL,Household Products,"Home Equipment, Furnishings",24600,8133,-388,12163,3334
461,ABM Industries,ABM,Business Services,Diversified Outsourcing Services,123000,8096.4,251.3,4933.7,2824
462,Securian Financial Group,,Financials,"Insurance: Life, Health (stock)",5565,8067,226.6,73457.5,
463,Prologis,PLD,Financials,Real estate,2574,8023.5,3059.2,93020.8,120460
464,Blackstone,BX,Financials,Diversified Financials,4735,8022.8,1390.9,40287.5,93883
465,Skechers U.S.A.,SKX,Apparel,Apparel,13550,8000.3,545.8,7547.4,9390
466,Masco,MAS,Household Products,"Home Equipment, Furnishings",18000,7967,908,5363,17335
467,Rush Enterprises,RUSHB,Retailing,"Automotive Retailing, Services",8449,7925,347.1,4364.2,4164
468,Franklin Resources,BEN,Financials,Securities,9200,7849.4,882.8,30121.2,14802
469,ODP,ODP,Retailing,Specialty Retailers: Other,20000,7831,139,3886,1943
470,American Financial Group,AFG,Financials,Insurance: Property and Casualty (Stock),8500,7827,852,29787,11418
471,Packaging Corp. of America,PKG,Materials,"Packaging, Containers",14900,7802.4,765.2,8681.1,17034
472,Vulcan Materials,VMC,Materials,"Building Materials, Glass",10961,7781.9,933.2,14545.7,36100
473,Interactive Brokers Group,IBKR,Financials,Securities,2932,7776,600,128423,47328
474,Williams-Sonoma,WSM,Retailing,Specialty Retailers: Other,15000,7750.7,949.8,5273.5,20358
475,XPO,XPO,Transportation,Transportation and Logistics,39450,7744,189,7492,14169
476,Weyerhaeuser,WY,Materials,Forest and Paper Products,9318,7674,839,16983,26201
477,Genworth Financial,GNW,Financials,"Insurance: Life, Health (stock)",2700,7488,76,90817,2826
478,CMS Energy,CMS,Energy,Utilities: Gas and Electric,8356,7462,887,33517,18019
479,Science Applications International,SAIC,Technology,Information Technology Services,24000,7444,477,5314,6734
480,Jefferies Financial Group,JEF,Financials,Diversified Financials,7564,7441.4,277.7,57905.2,9348
481,Bath & Body Works,BBWI,Retailing,Specialty Retailers: Other,33069,7429,878,5463,11249
482,Electronic Arts,EA,Media,Entertainment,13400,7426,802,13459,35469
483,Taylor Morrison Home,TMHC,Engineering & Construction,Homebuilders,2800,7417.8,768.9,8672.1,6617
484,Zimmer Biomet Holdings,ZBH,Health Care,Medical Products and Equipment,18000,7394.2,1024,21496.9,27117
485,Clorox,CLX,Household Products,Household and Personal Products,8700,7389,149,5945,19002
486,Xylem,XYL,Industrials,Industrial Machinery,23000,7364,609,16112,31246
487,Voya Financial,VOYA,Financials,Diversified Financials,9000,7348,625,157085,7511
488,Fastenal,FAST,Wholesalers,Wholesalers: Diversified,20721,7346.7,1155,4462.9,44157
489,Watsco,WSO,Wholesalers,Wholesalers: Diversified,7388,7283.8,536.3,3729.2,17061
490,Workday,WDAY,Technology,Computer Software,18800,7259,1381,16452,72006
491,Old Republic International,ORI,Financials,Insurance: Property and Casualty (Stock),9200,7258.3,598.6,26501.4,8464
492,RPM International,RPM,Chemicals,Chemicals,17274,7256.4,478.7,6782,15329
493,UFP Industries,UFPI,Materials,"Building Materials, Glass",15800,7218.4,514.3,4017.8,7569
494,Ameren,AEE,Energy,Utilities: Gas and Electric,9372,7213,1152,40830,19711
495,Knight-Swift Transportation Hldgs.,KNX,Transportation,"Trucking, Truck Leasing",34550,7141.8,217.1,12870.8,8885
496,Monster Beverage,MNST,"Food, Beverages & Tobacco",Beverages,5629,7140,1631,9686.5,61689
497,Intuitive Surgical,ISRG,Health Care,Medical Products and Equipment,13676,7124.1,1798,15441.5,141457
498,Super Micro Computer,SMCI,Technology,"Computers, Office Equipment",5126,7123.5,640,3674.7,59138
499,Concentrix,CNXC,Technology,Information Technology Services,440000,7114.7,313.8,12491.8,4342
500,O-I Glass,OI,Materials,"Packaging, Containers",23000,7105,-103,9669,2549
501,Yum Brands,YUM,"Hotels, Restaurants & Leisure",Food Services,25438,7076,1597,6231,39007
502,Domtar,,Materials,Forest and Paper Products,13000,7059,288,7531,1856
503,CommScope Holding,COMM,Technology,Network and Other Communications Equipment,20000,6999.4,-1450.9,9371.9,278
504,Post Holdings,POST,"Food, Beverages & Tobacco",Food Consumer Products,11430,6991,301.3,11646.7,6449
505,Crown Castle,CCI,Financials,Real estate,4700,6981,1502,38527,45953
506,Avantor,AVTR,Technology,"Scientific,Photographic and  Control Equipment",14500,6967.2,321.1,12972.7,17367
507,KBR,KBR,Technology,Information Technology Services,34000,6956,-265,5565,8599
508,Opendoor Technologies,OPEN,Technology,Internet Services and Retailing,1982,6946,-275,3567,2059
509,APi Group,APG,Engineering & Construction,Engineering & Construction,29000,6928,153,7590,9588
510,EQT,EQT,Energy,Energy,881,6908.9,1735.2,25285.1,16338
511,EnLink Midstream,ENLC,Energy,Pipelines,1072,6900.1,206.2,8328.6,6181
512,Palo Alto Networks,PANW,Technology,Network and Other Communications Equipment,13948,6892.7,439.7,14501.1,91802
513,Xerox Holdings,XRX,Technology,"Computers, Office Equipment",20100,6886,1,10008,2223
514,Ingersoll Rand,IR,Industrials,Industrial Machinery,18000,6876.1,778.7,15563.5,38306
515,Dillard's,DDS,Retailing,General Merchandisers,24900,6874.4,738.8,3448.9,7655
516,Martin Marietta Materials,MLM,Materials,"Building Materials, Glass",9400,6871.4,1168.9,15124.9,37955
517,Vertiv Holdings,VRT,Industrials,"Electronics, Electrical Equip.",27000,6863.2,460.2,7998.5,31196
518,Moderna,MRNA,Health Care,Pharmaceuticals,5600,6848,-4714,18426,40800
519,Boise Cascade,BCC,Wholesalers,Wholesalers: Diversified,7300,6838.2,483.7,3458.6,6068
520,Sprouts Farmers Market,SFM,Food & Drug Stores,Food & Drug Stores,32000,6837.4,258.9,3327.4,6526
521,Agilent Technologies,A,Technology,"Scientific,Photographic and  Control Equipment",18100,6833,1240,10763,42643
521,Olin,OLN,Chemicals,Chemicals,7326,6833,460.2,7713.2,7035
523,Darling Ingredients,DAR,"Food, Beverages & Tobacco",Food Production,15800,6788.1,647.7,11061.1,7431
524,Sonoco Products,SON,Materials,"Packaging, Containers",23000,6781.3,475,7192,5666
525,CACI International,CACI,Technology,Information Technology Services,23000,6702.5,384.7,6600.8,8442
526,Core & Main,CNM,Wholesalers,Wholesalers: Diversified,5000,6702,371,5069,11529
527,Marathon Oil,MRO,Energy,"Mining, Crude-Oil Production",1681,6697,1554,19575,16196
528,Hyatt Hotels,H,"Hotels, Restaurants & Leisure","Hotels, Casinos, Resorts",51000,6667,220,12833,16425
529,Select Medical Holdings,SEM,Health Care,Health Care: Medical Facilities,46500,6664.1,243.5,7689.6,3870
530,McCormick,MKC,"Food, Beverages & Tobacco",Food Consumer Products,13800,6662.2,680.6,12862.3,20617
531,Tapestry,TPR,Apparel,Apparel,15550,6660.9,936,7116.8,10890
532,Coca-Cola Consolidated,COKE,"Food, Beverages & Tobacco",Beverages,16000,6653.9,408.4,4288.9,7934
533,Howmet Aerospace,HWM,Aerospace & Defense,Aerospace & Defense,23200,6640,765,10428,28077
534,Welltower,WELL,Financials,Real estate,533,6638,340.1,44012.2,53156
535,CF Industries Holdings,CF,Chemicals,Chemicals,2694,6631.5,1525.2,14376.2,15621
536,Ametek,AME,Technology,"Scientific,Photographic and  Control Equipment",21500,6597,1313.2,15023.5,42289
537,TransDigm Group,TDG,Aerospace & Defense,Aerospace & Defense,15500,6585,1298,19970,68485
538,Wynn Resorts,WYNN,"Hotels, Restaurants & Leisure","Hotels, Casinos, Resorts",27800,6531.9,730,13996.2,11457
539,Southwestern Energy,SWN,Energy,"Mining, Crude-Oil Production",1165,6522,1557,11991,8349
540,Amkor Technology,AMKR,Technology,Semiconductors and Other Electronic Components,28700,6503.1,359.8,6771.1,7928
541,Insperity,NSP,Business Services,Diversified Outsourcing Services,4400,6485.9,171.4,2119.7,4087
542,Patterson,PDCO,Health Care,Wholesalers: Health Care,7600,6471.5,207.6,2879.1,2477
543,T. Rowe Price,TROW,Financials,Securities,7906,6460.5,1788.7,12278.8,27267
544,Ralph Lauren,RL,Apparel,Apparel,19100,6443.6,522.7,6789.5,12003
545,KB Home,KBH,Engineering & Construction,Homebuilders,2205,6410.6,590.2,6648.4,5362
546,Brunswick,BC,Transportation,Transportation Equipment,18104,6401.4,420.4,6230.5,6556
547,Robert Half,RHI,Business Services,Temporary Help,15000,6392.5,411.1,3010.8,8341
548,PENN Entertainment,PENN,"Hotels, Restaurants & Leisure","Hotels, Casinos, Resorts",23333,6362.9,-490,16064.2,2776
549,NetApp,NTAP,Technology,"Computers, Office Equipment",12000,6362,1274,9818,21663
550,Organon,OGN,Health Care,Pharmaceuticals,10000,6263,1023,12058,4806
551,Petco Health and Wellness,WOOF,Retailing,Specialty Retailers: Other,29000,6255.3,-1280.2,5363.2,698
552,Regal Rexnord,RRX,Industrials,"Electronics, Electrical Equip.",32100,6250.7,-57.4,15431.4,11977
553,Resideo Technologies,REZI,Materials,"Building Materials, Glass",14000,6242,210,6645,3258
554,Camping World Holdings,CWH,Retailing,"Automotive Retailing, Services",12459,6226.5,31,4845.7,2354
555,Huntsman,HUN,Chemicals,Chemicals,6000,6199,101,7248,4503
556,Victoria's Secret,VSCO,Retailing,Specialty Retailers: Apparel,21500,6181.8,109.2,4600,1503
557,Levi Strauss,LEVI,Apparel,Apparel,19100,6179,249.6,6053.6,7957
558,Roper Technologies,ROP,Technology,Computer Software,16800,6177.8,1384.2,28167.5,60022
559,Academy Sports and Outdoors,ASO,Retailing,Specialty Retailers: Other,16509,6159.3,519.2,4676.7,5025
560,Meritage Homes,MTH,Engineering & Construction,Homebuilders,1838,6138.3,738.7,6353.1,6346
561,American Axle & Manufacturing,AXL,Motor Vehicles & Parts,Motor Vehicles & Parts,19000,6079.5,-33.6,5356.3,865
562,Fortive,FTV,Industrials,"Electronics, Electrical Equip.",18000,6065.3,865.8,16911.8,30226
563,Nasdaq,NDAQ,Financials,Securities,8525,6064,1059,32294,36296
564,Broadridge Financial Solutions,BR,Business Services,Financial Data Services,14700,6060.9,630.6,8233.2,24127
565,Spirit AeroSystems Holdings,SPR,Aerospace & Defense,Aerospace & Defense,20655,6047.9,-616.2,6950.1,4192
566,Warner Music Group,WMG,Media,Entertainment,5900,6037,430,8545,17100
567,Chemours,CC,Chemicals,Chemicals,6200,6027,-238,8251,3908
568,ADT,ADT,Business Services,Diversified Outsourcing Services,14300,6017.7,463,15964.1,6118
569,Edwards Lifesciences,EW,Health Care,Medical Products and Equipment,19800,6004.8,1402.4,9363.2,57520
570,First American Financial,FAF,Financials,Insurance: Property and Casualty (Stock),19210,6003.5,216.8,16802.8,6294
571,Hanover Insurance Group,THG,Financials,Insurance: Property and Casualty (Stock),4800,5993.5,35.3,14612.6,4893
572,Silgan Holdings,SLGN,Materials,"Packaging, Containers",14400,5988.2,326,7611.2,5185
573,Endeavor Group Holdings,EDR,Media,Entertainment,10000,5960.2,356.5,21544.8,17817
574,Moody's,MCO,Business Services,Financial Data Services,15151,5916,1607,14622,71752
575,Coterra Energy,CTRA,Energy,"Mining, Crude-Oil Production",1083,5914,1625,20415,20946
576,Gartner,IT,Technology,Information Technology Services,20237,5907,882.5,7835.9,37165
577,Under Armour,UAA,Apparel,Apparel,11078,5903.6,386.8,4857.1,3157
578,Ingles Markets,IMKTA,Food & Drug Stores,Food & Drug Stores,19540,5892.8,210.8,2473.8,1457
579,Church & Dwight,CHD,Household Products,Household and Personal Products,5550,5867.9,755.6,8569.2,25442
580,Old Dominion Freight Line,ODFL,Transportation,"Trucking, Truck Leasing",22902,5866.2,1239.5,5512.4,47738
581,U-Haul Holding,UHAL,Transportation,"Trucking, Truck Leasing",26501,5864.7,923,18124.6,13091
582,Oscar Health,OSCR,Health Care,Health Care: Insurance and Managed Care,2400,5862.9,-270.7,3601.5,3416
583,Arista Networks,ANET,Technology,Network and Other Communications Equipment,4023,5860.2,2087.3,9946.8,90658
584,Synopsys,SNPS,Technology,Computer Software,20300,5842.6,1229.9,10333.1,87179
585,Harley-Davidson,HOG,Transportation,Transportation Equipment,6400,5836.5,706.6,12140.6,5973
586,Frontier Communications,FYBR,Telecommunications,Telecommunications,13297,5751,29,20693,6023
587,Primoris Services,PRIM,Engineering & Construction,Engineering & Construction,14058,5715.3,126.1,3827.4,2283
588,Carlisle,CSL,Materials,"Building Materials, Glass",11100,5700.1,767.4,6620,18732
589,Simon Property Group,SPG,Financials,Real estate,2750,5658.8,2283.1,34283.5,50980
590,Hanesbrands,HBI,Apparel,Apparel,47520,5636.5,-17.7,5640.3,2039
591,Anywhere Real Estate,HOUS,Financials,Real estate,8028,5636,-97,5839,687
592,Teledyne Technologies,TDY,Aerospace & Defense,Aerospace & Defense,14900,5635.5,885.7,14527.9,20342
593,CME Group,CME,Financials,Securities,3565,5578.9,3226.2,129706.1,77511
594,Juniper Networks,JNPR,Technology,Network and Other Communications Equipment,11144,5564.5,310.2,9518.5,12022
595,Coty,COTY,Household Products,Household and Personal Products,11350,5554.1,508.2,12661.6,10706
596,Pool,POOL,Wholesalers,Wholesalers: Diversified,6100,5541.6,523.2,3428.1,15529
597,Evergy,EVRG,Energy,Utilities: Gas and Electric,4658,5508.2,731.3,30976.1,12264
598,Marvell Technology,MRVL,Technology,Semiconductors and Other Electronic Components,6544,5507.7,-933.4,21228.5,61382
599,NiSource,NI,Energy,Utilities: Gas and Electric,7388,5505.4,714.3,31077.2,12379
600,SS&C Technologies Holdings,SSNC,Technology,Computer Software,26600,5502.8,607.1,18102.5,15907
601,Schneider National,SNDR,Transportation,Transportation and Logistics,17300,5498.9,238.5,4557.2,3993
602,Autodesk,ADSK,Technology,Computer Software,13700,5497,906,9912,55708
603,Sealed Air,SEE,Materials,"Packaging, Containers",17000,5488.9,341.6,7200.6,5375
604,Iron Mountain,IRM,Business Services,Diversified Outsourcing Services,27000,5480.3,184.2,17473.8,23443
605,Digital Realty Trust,DLR,Financials,Real estate,3664,5477.1,948.8,44113.3,44983
606,Keysight Technologies,KEYS,Technology,"Scientific,Photographic and  Control Equipment",14900,5464,1057,8683,27297
607,Globe Life,GL,Financials,"Insurance: Life, Health (stock)",3636,5447.5,970.8,28051.5,10943
608,Parsons,PSN,Aerospace & Defense,Aerospace & Defense,18500,5442.7,161.1,4804.1,8779
609,Mattel,MAT,Household Products,"Toys, Sporting Goods",33000,5441.2,214.4,6435.8,6815
610,Southwest Gas Holdings,SWX,Energy,Utilities: Gas and Electric,14943,5434,150.9,11869.9,5454
611,CUNA Mutual Group (TruStage),,Financials,"Insurance: Life, Health (stock)",4100,5425.6,139.7,44970.3,
612,Clean Harbors,CLH,Business Services,Waste Management,21280,5409.2,377.9,6382.9,10859
613,Cornerstone Building Brands,,Materials,"Building Materials, Glass",17600,5402.4,-75.5,6933.3,3089
614,Hubbell,HUBB,Industrials,"Electronics, Electrical Equip.",18317,5372.9,759.8,6914,22281
615,Spirit Airlines,SAVE,Transportation,Airlines,13167,5362.5,-447.5,9417.2,530
616,Lamb Weston Holdings,LW,"Food, Beverages & Tobacco",Food Consumer Products,10300,5350.6,1008.9,6519.8,15380
617,Take-Two Interactive Software,TTWO,Media,Entertainment,11580,5349.9,-1124.7,15862.1,25330
618,GMS,GMS,Wholesalers,Wholesalers: Diversified,7007,5329.3,333,3267,3877
619,Penn Mutual Life Insurance,,Financials,"Insurance: Life, Health (stock)",3370,5318.9,201,46740.7,
620,Landstar System,LSTR,Transportation,"Trucking, Truck Leasing",1468,5313.5,264.4,1801.8,6894
621,Host Hotels & Resorts,HST,Financials,Real estate,163,5311,740,12243,14551
622,Fortinet,FTNT,Technology,Computer Software,13568,5304.8,1147.8,7258.9,52123
623,OneMain Holdings,OMF,Financials,Diversified Financials,9100,5299,641,24294,6119
624,GameStop,GME,Retailing,Specialty Retailers: Other,15750,5272.8,6.7,2709,3830
625,Equifax,EFX,Business Services,Financial Data Services,14900,5265.2,545.3,12280,33234
626,American Eagle Outfitters,AEO,Retailing,Specialty Retailers: Apparel,26700,5261.8,170,3557.9,5085
627,Comerica,CMA,Financials,Commercial Banks,7701,5253,881,85834,7286
628,Greif,GEF,Materials,"Packaging, Containers",12000,5218.6,359.2,5960.8,3264
629,Comfort Systems USA,FIX,Engineering & Construction,Engineering & Construction,15800,5206.8,323.4,3305.6,11337
630,TopBuild,BLD,Engineering & Construction,Engineering & Construction,14012,5194.7,614.3,5162.9,14022
631,Bread Financial Holdings,BFH,Business Services,Financial Data Services,7000,5168,718,23141,1841
632,Coherent,COHR,Technology,Semiconductors and Other Electronic Components,26622,5160.1,-259.5,13711.1,9203
633,Telephone & Data Systems,TDS,Telecommunications,Telecommunications,8800,5160,-500,13921,1810
634,Stifel Financial,SF,Financials,Securities,9000,5159.3,522.5,37727.5,8036
635,Urban Outfitters,URBN,Retailing,Specialty Retailers: Apparel,19460,5153.2,287.7,4111.2,4029
636,Terex,TEX,Industrials,Construction and Farm Machinery,10200,5151.5,518,3615.5,4315
637,Ryerson Holding,RYI,Materials,Metals,4600,5108.7,145.7,2569.6,1140
638,Snap-on,SNA,Industrials,Industrial Machinery,13200,5108.3,1011.1,7544.9,15652
639,Flowers Foods,FLO,"Food, Beverages & Tobacco",Food Consumer Products,9300,5090.8,123.4,3427,5001
640,First Horizon,FHN,Financials,Commercial Banks,7314,5027,897,81661,8546
641,Paychex,PAYX,Business Services,Diversified Outsourcing Services,16600,5007.1,1557.3,10546.4,44186
642,Hasbro,HAS,Household Products,"Toys, Sporting Goods",5502,5003.3,-1489.3,6540.9,7845
643,Sentry Insurance Group,,Financials,Insurance: Property and Casualty (Mutual),4507,4994.4,373,24980.9,
644,Ares Management,ARES,Financials,Securities,2850,4991.8,474.3,24730.5,41171
645,Lennox International,LII,Industrials,Industrial Machinery,12600,4981.9,590.1,2798.3,17393
646,Peabody Energy,BTU,Energy,"Mining, Crude-Oil Production",5400,4946.7,759.6,5962.1,3088
647,Kemper,KMPR,Financials,Insurance: Property and Casualty (Stock),8100,4944.2,-272.1,12742.7,3984
648,Nexstar Media Group,NXST,Media,Entertainment,12586,4933,346,12078,5759
649,TelevisaUnivision,,Media,Entertainment,14000,4928,-873.6,17297.8,
650,Tempur Sealy International,TPX,Household Products,"Home Equipment, Furnishings",12000,4925.4,368.1,4553.9,9865
651,TriNet Group,TNET,Business Services,Diversified Outsourcing Services,3600,4922,375,3693,6700
652,Worthington Enterprises,WOR,Materials,Metals,8200,4916.4,256.5,3650.9,3111
653,Maximus,MMS,Technology,Information Technology Services,39600,4904.7,161.8,3985.8,5121
654,Compass,COMP,Technology,Internet Services and Retailing,2549,4885,-321.3,1160.3,1769
655,Brink's,BCO,Business Services,Diversified Outsourcing Services,67100,4874.6,87.7,6601.8,4132
656,Kelly Services,KELYA,Business Services,Temporary Help,6200,4835.7,36.4,2581.6,884
657,Navient,NAVI,Financials,Diversified Financials,4500,4828,228,61375,1962
658,Puget Energy,,Energy,Utilities: Gas and Electric,3340,4816.6,53.7,17732.5,
659,AMC Entertainment Holdings,AMC,Media,Entertainment,18347,4812.6,-396.6,9009.2,979
660,Encompass Health,EHC,Health Care,Health Care: Medical Facilities,30059,4801.2,352,6102.4,8270
661,Skyworks Solutions,SWKS,Technology,Semiconductors and Other Electronic Components,9701,4772.4,982.8,8426.7,17379
662,Timken,TKR,Industrials,Industrial Machinery,19602,4769,394.1,6541.7,6154
663,Liberty Energy,LBRT,Energy,"Oil and Gas Equipment, Services",5500,4747.9,556.3,3033.6,3441
664,Marriott Vacations Worldwide,VAC,"Hotels, Restaurants & Leisure","Hotels, Casinos, Resorts",22000,4727,254,9680,3790
665,Leggett & Platt,LEG,Household Products,"Home Equipment, Furnishings",19300,4725.3,-136.8,4634.5,2562
666,Big Lots,BIG,Retailing,Specialty Retailers: Other,21150,4722.1,-481.9,3325.3,127
667,Weis Markets,WMK,Food & Drug Stores,Food & Drug Stores,23000,4697,103.8,2039.6,1732
668,Pinnacle West Capital,PNW,Energy,Utilities: Gas and Electric,6133,4696,501.6,24661.2,9215
669,EPAM Systems,EPAM,Technology,Information Technology Services,53150,4690.5,417.1,4352.4,15970
670,Antero Resources,AR,Energy,"Mining, Crude-Oil Production",604,4682,242.9,13619.4,8804
671,Bloomin' Brands,BLMN,"Hotels, Restaurants & Leisure",Food Services,87000,4671.5,247.4,3424.1,2497
672,MDU Resources Group,MDU,Energy,Energy,9145,4657.3,414.7,7833.2,5138
673,MDC Holdings,,Engineering & Construction,Homebuilders,1760,4642.9,401,5631.1,4721
674,Texas Roadhouse,TXRH,"Hotels, Restaurants & Leisure",Food Services,91000,4631.7,304.9,2793.4,10323
675,Mercury General,MCY,Financials,Insurance: Property and Casualty (Stock),4100,4629.6,96.3,7103.4,2857
676,Fortune Brands Innovations,FBIN,Materials,"Building Materials, Glass",11700,4626.2,404.5,6565,10643
677,Zions Bancorp.,ZION,Financials,Commercial Banks,9679,4624,680,87203,6406
678,JELD-WEN Holding,JELD,Materials,"Building Materials, Glass",17700,4606.2,62.4,2980.1,1825
679,Snap,SNAP,Technology,Internet Services and Retailing,5289,4606.1,-1322.5,7967.8,18949
680,Zebra Technologies,ZBRA,Industrials,"Electronics, Electrical Equip.",9750,4584,296,7306,15493
681,Agilon Health,AGL,Health Care,Health Care: Pharmacy and Other Services,1117,4583.1,-262.6,1740.9,2498
682,Toro,TTC,Industrials,Construction and Farm Machinery,10706,4553.2,329.7,3644.3,9567
683,Zoom Video Communications,ZM,Technology,Computer Software,7420,4527.2,637.5,9929.8,20105
684,Tetra Tech,TTEK,Engineering & Construction,Engineering & Construction,27000,4522.6,273.4,3820.5,9876
685,Public Storage,PSA,Financials,Real estate,6200,4517.7,2148.3,19809.2,50965
686,Illumina,ILMN,Technology,"Scientific,Photographic and  Control Equipment",11490,4504,-1161,10111,21820
687,Ventas,VTR,Financials,Real estate,486,4497.8,-41,24725.4,17523
688,FMC,FMC,Chemicals,Chemicals,6600,4486.8,1321.5,11926.2,7951
689,ArcBest,ARCB,Transportation,"Trucking, Truck Leasing",15000,4483.4,195.4,2485.1,3349
690,Domino's Pizza,DPZ,"Hotels, Restaurants & Leisure",Food Services,8850,4479.4,519.1,1674.9,17306
691,ASGN,ASGN,Business Services,Diversified Outsourcing Services,15450,4450.6,219.3,3544.6,4871
692,Rivian Automotive,RIVN,Motor Vehicles & Parts,Motor Vehicles & Parts,16790,4434,-5432,16778,10703
693,Elanco Animal Health,ELAN,Health Care,Pharmaceuticals,9800,4417,-1231,14362,8026
694,Graham Holdings,GHC,Business Services,Education,17006,4414.9,205.3,7187.7,3422
695,Floor & Decor Holdings,FND,Retailing,Specialty Retailers: Other,11320,4413.9,246,4662.6,13871
696,Applied Industrial Technologies,AIT,Wholesalers,Wholesalers: Diversified,6200,4412.8,346.7,2743.3,7639
697,PriceSmart,PSMT,Retailing,General Merchandisers,11000,4411.8,109.2,2005.6,2563
698,Lyft,LYFT,Technology,Internet Services and Retailing,2945,4403.6,-340.3,4564.5,7736
699,Ciena,CIEN,Technology,Network and Other Communications Equipment,8398,4386.5,254.8,5601.5,7151
700,IAC,IAC,Technology,Internet Services and Retailing,9500,4365.2,265.9,10371.2,4585
701,Country Financial,,Financials,Insurance: Property and Casualty (Mutual),3275,4358.3,-65.4,17272.8,
702,Western Union,WU,Business Services,Financial Data Services,9000,4357,626,8198.8,4784
703,Flowserve,FLS,Industrials,Industrial Machinery,16000,4320.6,186.7,5108.7,5994
704,Western Alliance Bancorp.,WAL,Financials,Commercial Banks,3260,4316,722.4,70862,7073
705,Option Care Health,OPCH,Health Care,Health Care: Pharmacy and Other Services,6806,4302.3,267.1,3217,5819
706,SiteOne Landscape Supply,SITE,Wholesalers,Wholesalers: Diversified,7585,4301.2,173.4,2828.9,7887
707,Topgolf Callaway Brands,MODG,"Hotels, Restaurants & Leisure","Toys, Sporting Goods",32000,4284.8,95,9120.6,2969
708,eXp World Holdings,EXPI,Financials,Real estate,2114,4281.1,-9,385.7,1570
709,Abercrombie & Fitch,ANF,Retailing,Specialty Retailers: Apparel,19200,4280.7,328.1,2974.2,6317
710,Atmos Energy,ATO,Energy,Utilities: Gas and Electric,5019,4275.4,885.9,22517,17930
711,Catalent,CTLT,Health Care,Pharmaceuticals,17800,4263,-256,10777,10203
712,Brown & Brown,BRO,Financials,Insurance: Property and Casualty (Stock),16152,4257.1,870.5,14883.4,24979
713,GoDaddy,GDDY,Technology,Internet Services and Retailing,6159,4254.1,1374.8,7564.9,16909
714,American Water Works,AWK,Energy,Utilities: Gas and Electric,6500,4234,944,30298,23809
715,Selective Insurance Group,SIGI,Financials,Insurance: Property and Casualty (Stock),2650,4232.1,365.2,11802.5,6637
716,Brown-Forman,BF.B,"Food, Beverages & Tobacco",Beverages,5600,4228,783,7777,24617
717,Advantage Solutions,ADV,Business Services,"Advertising, marketing",45000,4224.8,-63.3,3779.3,1387
718,ResMed,RMD,Health Care,Medical Products and Equipment,10140,4223,897.6,6751.7,29087
719,Splunk,,Technology,Computer Software,7500,4215.6,263.7,6687.4,15868
720,Plexus,PLXS,Technology,Semiconductors and Other Electronic Components,25000,4210.3,139.1,3321.2,2618
721,Hub Group,HUBG,Transportation,Transportation and Logistics,5950,4202.6,167.5,2936,2715
722,Lincoln Electric Holdings,LECO,Industrials,Industrial Machinery,12000,4191.6,545.2,3377.3,14515
723,NCR Atleos,NATL,Business Services,Financial Data Services,20000,4191,-134,5741,1424
724,Calumet,CLMT,Energy,Petroleum Refining,1580,4181,48.1,2751.3,1192
725,Dycom Industries,DY,Engineering & Construction,Engineering & Construction,15611,4175.6,218.9,2516.9,4176
726,Valmont Industries,VMI,Materials,Metals,11125,4174.6,150.8,3477.4,4608
727,ATI,ATI,Materials,Metals,7300,4173.7,410.8,4985.1,6368
728,Twilio,TWLO,Technology,Internet Services and Retailing,5867,4153.9,-1015.4,11609.7,11133
729,CNO Financial Group,CNO,Financials,"Insurance: Life, Health (stock)",3500,4146.8,276.5,35102.5,2986
730,Patterson-UTI Energy,PTEN,Energy,"Oil and Gas Equipment, Services",10600,4146.5,246.3,7420,4874
731,Brinker International,EAT,"Hotels, Restaurants & Leisure",Food Services,64323,4133.2,102.6,2487,2197
732,Charles River Laboratories International,CRL,Health Care,Health Care: Pharmacy and Other Services,21100,4129.4,474.6,8195,13957
733,Hyster-Yale,HY,Industrials,Industrial Machinery,8600,4118.3,125.9,2079.1,1122
734,Brighthouse Financial,BHF,Financials,"Insurance: Life, Health (stock)",1500,4117,-1112,236340,3241
735,Service Corp. International,SCI,Business Services,Miscellaneous,21267,4099.8,537.3,16355.4,10873
736,CrossAmerica Partners,CAPL,Energy,"Oil and Gas Equipment, Services",2521,4090.5,42.6,1181.7,866
737,Cadence,CDNS,Technology,Computer Software,11226,4090,1041.1,5669.5,84855
738,MillerKnoll,MLKN,Household Products,"Home Equipment, Furnishings",10900,4087.1,42.1,4274.8,1803
739,Realty Income,O,Financials,Real estate,418,4079,872.3,57779.4,46587
740,Middleby,MIDD,Industrials,Industrial Machinery,10722,4036.6,400.9,6906.7,8645
741,M/I Homes,MHO,Engineering & Construction,Homebuilders,1607,4033.5,465.4,4022.4,3790
742,Hologic,HOLX,Health Care,Medical Products and Equipment,6990,4030.4,456,9139.3,18300
743,Alliant Energy,LNT,Energy,Utilities: Gas and Electric,3281,4027,703,21237,12908
744,Generac Holdings,GNRC,Industrials,Industrial Machinery,8458,4022.7,214.6,5093.3,7602
745,MSC Industrial Direct,MSM,Wholesalers,Wholesalers: Diversified,7254,4009.3,343.2,2544.1,5463
746,Rocket Companies,RKT,Financials,Diversified Financials,14700,4005.9,-15.5,19231.7,28891
747,Upbound Group,UPBD,Retailing,Specialty Retailers: Other,12970,3992.4,-5.2,2721.4,1916
748,East West Bancorp,EWBC,Financials,Commercial Banks,3206,3989.1,1161.2,69612.9,11078
749,Hilton Grand Vacations,HGV,"Hotels, Restaurants & Leisure","Hotels, Casinos, Resorts",15000,3978,313,8685,4945
750,Grocery Outlet Holding,GO,Food & Drug Stores,Food & Drug Stores,949,3969.5,79.4,2969.6,2856
751,Dentsply Sirona,XRAY,Health Care,Medical Products and Equipment,15000,3965,-132,7370,6882
752,V2X,VVX,Aerospace & Defense,Aerospace & Defense,16000,3963.1,-22.6,3081.9,1469
753,Crocs,CROX,Apparel,Apparel,7030,3962.3,792.6,4643.8,8700
754,Spectrum Brands Holdings,SPB,Household Products,Household and Personal Products,3100,3961.3,1801.5,5258.4,2695
755,Visteon,VC,Motor Vehicles & Parts,Motor Vehicles & Parts,10000,3954,486,2727,3233
756,Acuity Brands,AYI,Industrials,"Electronics, Electrical Equip.",12200,3952.2,346,3408.5,8281
757,Greenbrier,GBX,Transportation,Transportation Equipment,13800,3944,62.5,3978.4,1620
758,Webster Financial,WBS,Financials,Commercial Banks,4196,3942.6,867.8,74945.2,8710
759,Cabot,CBT,Chemicals,Chemicals,4268,3931,445,3604,5111
760,RXO,RXO,Transportation,"Trucking, Truck Leasing",7242,3927,4,1825,2561
761,Chord Energy,CHRD,Energy,"Mining, Crude-Oil Production",514,3896.6,1023.8,6926.2,7405
762,Popular,BPOP,Financials,Commercial Banks,9088,3896,541.3,70758.2,6368
763,Garrett Motion,GTX,Motor Vehicles & Parts,Motor Vehicles & Parts,8650,3886,261,2527,2263
764,Tutor Perini,TPC,Engineering & Construction,Engineering & Construction,8200,3880.2,-171.2,4429.9,752
765,Copart,CPRT,Retailing,"Automotive Retailing, Services",12000,3869.5,1237.7,6737.9,55688
766,Toast,TOST,Business Services,Financial Data Services,5500,3865,-246,1958,13656
767,Align Technology,ALGN,Health Care,Medical Products and Equipment,21610,3862.3,445.1,6083.9,24628
768,A.O. Smith,AOS,Industrials,"Electronics, Electrical Equip.",12000,3852.8,556.6,3213.9,13156
769,TransUnion,TRU,Business Services,Financial Data Services,13200,3831.2,-206.2,11105.1,15500
770,NCR Voyix,VYX,Technology,Computer Software,15500,3830,-423,4990,1822
771,Akamai Technologies,AKAM,Technology,Internet Services and Retailing,10281,3811.9,547.6,9900,16663
772,Trimble,TRMB,Technology,"Electronics, Electrical Equip.",12700,3798.7,311.3,9539.3,15812
773,Medical Mutual of Ohio,,Financials,"Insurance: Life, Health (Mutual)",3084,3795.5,65.9,2787.4,
774,AMN Healthcare Services,AMN,Health Care,Health Care: Pharmacy and Other Services,3585,3789.3,210.7,2924.4,2368
775,Mettler-Toledo International,MTD,Technology,"Scientific,Photographic and  Control Equipment",16650,3788.3,788.8,3355.6,28474
776,ScanSource,SCSC,Wholesalers,Wholesalers: Electronics and Office Equipment,2300,3787.7,89.8,2068.2,1109
777,LCI Industries,LCII,Motor Vehicles & Parts,Motor Vehicles & Parts,11700,3784.8,64.2,2959.3,3132
778,Cboe Global Markets,CBOE,Financials,Securities,1647,3773.5,761.4,7487.5,19399
779,Diebold Nixdorf,DBD,Technology,"Computers, Office Equipment",21000,3760.5,,4162,1294
780,ChampionX,CHX,Energy,"Oil and Gas Equipment, Services",7100,3758.3,314.2,3241.7,6859
781,Corpay,CPAY,Business Services,Financial Data Services,10500,3757.7,981.9,15476.3,22170
782,iHeartMedia,IHRT,Media,Entertainment,9990,3751,-1102.7,6952.6,313
783,Travel + Leisure,TNL,"Hotels, Restaurants & Leisure","Hotels, Casinos, Resorts",19000,3750,396,6738,3478
784,Dream Finders Homes,DFH,Engineering & Construction,Homebuilders,1236,3748.6,295.9,2562.4,4079
785,Boyd Gaming,BYD,"Hotels, Restaurants & Leisure","Hotels, Casinos, Resorts",16129,3738.5,620,6273.1,6466
786,NLV Financial,,Financials,"Insurance: Life, Health (stock)",1370,3735,217.4,45472.1,
787,Ensign Group,ENSG,Health Care,Health Care: Medical Facilities,35300,3729.4,209.4,4177.5,7080
788,Sally Beauty Holdings,SBH,Retailing,Specialty Retailers: Other,20000,3728.1,184.6,2725.3,1303
789,Conduent,CNDT,Business Services,Diversified Outsourcing Services,59000,3722,-296,3162,710
790,Sylvamo,SLVM,Materials,Forest and Paper Products,6500,3721,253,2872,2560
791,Tri Pointe Homes,TPH,Engineering & Construction,Homebuilders,1438,3715.2,343.7,4914.6,3710
792,EnerSys,ENS,Industrials,"Electronics, Electrical Equip.",11350,3708.6,175.8,3616.7,3818
793,Incyte,INCY,Health Care,Pharmaceuticals,2524,3695.6,597.6,6782.1,12791
794,Century Communities,CCS,Engineering & Construction,Homebuilders,1650,3692.2,259.2,4139.4,3067
795,Rithm Capital,RITM,Financials,Real estate,6570,3691.9,622.3,35311.8,5393
796,Euronet Worldwide,EEFT,Business Services,Financial Data Services,10000,3688,279.7,5894.4,5033
797,Hawaiian Electric Industries,HE,Energy,Utilities: Gas and Electric,3652,3682.2,199.2,17243.8,1243
798,DraftKings,DKNG,"Hotels, Restaurants & Leisure","Hotels, Casinos, Resorts",4400,3665.4,-802.1,3944.9,39447
799,IDEXX Laboratories,IDXX,Health Care,Medical Products and Equipment,11000,3661,845,3259.9,44843
800,MYR Group,MYRG,Engineering & Construction,Engineering & Construction,9000,3643.9,91,1578.7,2959
801,Deckers Outdoor,DECK,Apparel,Apparel,4200,3627.3,516.8,2556.2,24161
802,DexCom,DXCM,Health Care,Medical Products and Equipment,9550,3622.3,541.5,6264.5,53471
803,MKS Instruments,MKSI,Technology,Semiconductors and Other Electronic Components,10100,3622,-1841,9118,8918
804,VICI Properties,VICI,Financials,Real estate,28,3612,2513.5,44059.8,31075
805,Cooper Cos.,COO,Health Care,Medical Products and Equipment,15000,3593.2,294.2,11658.9,20166
806,Frontier Group Holdings,ULCC,Transportation,Airlines,7214,3589,-11,4993,1812
807,Qorvo,QRVO,Technology,Semiconductors and Other Electronic Components,8500,3569.4,103.2,6691.9,11087
808,Five Below,FIVE,Retailing,Specialty Retailers: Other,14500,3559.4,301.1,3872,10019
809,TreeHouse Foods,THS,"Food, Beverages & Tobacco",Food Consumer Products,7400,3552.9,53.1,4106.6,2098
810,Scotts Miracle-Gro,SMG,Chemicals,Chemicals,6375,3551.3,-380.1,3413.7,4229
811,Atlassian,TEAM,Technology,Computer Software,10726,3534.6,-486.8,4106.8,50613
812,Entegris,ENTG,Technology,Semiconductors and Other Electronic Components,8000,3523.9,180.7,8812.6,21184
813,Atkore,ATKR,Industrials,"Electronics, Electrical Equip.",5208,3518.8,689.9,2935,6999
814,H.B. Fuller,FUL,Chemicals,Chemicals,7200,3510.9,144.9,4723.6,4345
815,Granite Construction,GVA,Engineering & Construction,Engineering & Construction,4100,3509.1,43.6,2813.5,2512
816,Winnebago Industries,WGO,Motor Vehicles & Parts,Motor Vehicles & Parts,6250,3490.7,215.9,2432.4,2166
817,FTI Consulting,FCN,Business Services,Diversified Outsourcing Services,7990,3489.2,274.9,3325.9,7472
818,AptarGroup,ATR,Materials,"Packaging, Containers",13800,3487.5,284.5,4451.9,9521
819,Columbia Sportswear,COLM,Apparel,Apparel,10070,3487.2,251.4,2939,4854
820,Roku,ROKU,Media,Entertainment,3150,3484.6,-709.6,4261.8,9353
821,Civitas Resources,CIVI,Energy,"Mining, Crude-Oil Production",516,3479.2,784.3,14097.3,7669
822,H&R Block,HRB,Financials,Diversified Financials,39200,3472.2,553.7,3072.3,6852
823,Alpha Metallurgical Resources,AMR,Energy,"Mining, Crude-Oil Production",4160,3471.4,722,2406.1,4308
824,Patrick Industries,PATK,Motor Vehicles & Parts,Motor Vehicles & Parts,10000,3468,142.9,2562.4,2674
825,Murphy Oil,MUR,Energy,"Mining, Crude-Oil Production",725,3460.1,661.6,9766.7,6973
826,Synovus Financial,SNV,Financials,Commercial Banks,4798,3454.4,543.7,59809.5,5866
827,Cracker Barrel Old Country Store,CBRL,"Hotels, Restaurants & Leisure",Food Services,77000,3442.8,99.1,2218.1,1615
828,Cheesecake Factory,CAKE,"Hotels, Restaurants & Leisure",Food Services,47900,3439.5,101.4,2840.4,1848
829,CNX Resources,CNX,Energy,"Mining, Crude-Oil Production",470,3434.9,1720.7,8626.7,3632
830,Chefs' Warehouse,CHEF,Wholesalers,Wholesalers: Food and Grocery,4873,3433.8,34.6,1705.3,1499
831,Donaldson,DCI,Industrials,Industrial Machinery,13000,3430.8,358.8,2770.5,8989
832,Mueller Industries,MLI,Industrials,Industrial Machinery,4509,3420.3,602.9,2759.3,6126
833,MRC Global,MRC,Wholesalers,Wholesalers: Diversified,2800,3412,114,1886,1061
834,Chart Industries,GTLS,Industrials,Industrial Machinery,11637,3411.3,47.3,9102.4,6964
835,Alight,ALIT,Business Services,Diversified Outsourcing Services,18000,3410,-345,10782,5545
836,Vishay Intertechnology,VSH,Technology,Semiconductors and Other Electronic Components,23500,3402,323.8,4239.9,3119
837,Range Resources,RRC,Energy,"Mining, Crude-Oil Production",548,3374.4,871.1,7203.9,8353
838,Valley National Bancorp,VLY,Financials,Commercial Banks,3749,3364.6,498.5,60935,4051
839,Match Group,MTCH,Technology,Internet Services and Retailing,2610,3364.5,651.5,4507.9,9724
840,Gen Digital,GEN,Technology,Computer Software,3700,3338,1349,15947,14267
841,Wintrust Financial,WTFC,Financials,Commercial Banks,5521,3327.2,622.6,56259.9,6417
842,Moog,MOG.A,Aerospace & Defense,Aerospace & Defense,13500,3319.1,171,3808,5307
843,First Solar,FSLR,Energy,Energy,6700,3318.6,830.8,10365.1,18068
844,Central Garden & Pet,CENT,Household Products,Household and Personal Products,6500,3310.1,125.6,3378.6,2435
845,Green Plains,GPRE,Energy,Energy,921,3295.7,-93.4,1939.3,1495
846,Werner Enterprises,WERN,Transportation,"Trucking, Truck Leasing",13809,3283.5,112.4,3157.9,2483
847,AppLovin,APP,Technology,Computer Software,1731,3283.1,356.7,5359.2,22796
848,ITT,ITT,Industrials,Industrial Machinery,10600,3283,410.5,3932.6,11168
849,Herc Holdings,HRI,Business Services,Equipment Leasing,7200,3282,347,7061,4773
850,Gray Television,GTN,Media,Entertainment,9649,3281,-76,10640,635
851,IDEX,IEX,Industrials,Industrial Machinery,8800,3273.9,596.1,5865.2,18470
852,Boston Properties,BXP,Financials,Real estate,836,3273.6,190.2,26026.1,10254
853,Pitney Bowes,PBI,Technology,Computer Software,10500,3266.3,-385.6,4272.2,764
854,Steelcase,SCS,Household Products,"Home Equipment, Furnishings",12250,3232.6,35.3,2202.8,1494
855,Sun Communities,SUI,Financials,Real estate,6757,3224.6,-213.3,16940.7,15997
856,AdaptHealth,AHCO,Health Care,Wholesalers: Health Care,10700,3200.2,-678.9,4508.7,1530
857,Vertex Energy,VTNR,Energy,Petroleum Refining,481,3184.6,-71.5,854.6,131
858,Genesis Energy,GEL,Energy,Pipelines,2137,3177,117.7,7018.8,1362
859,Jackson Financial,JXN,Financials,"Insurance: Life, Health (stock)",3428,3159,934,330255,5120
860,FirstCash Holdings,FCFS,Retailing,Specialty Retailers: Other,19000,3151.8,219.3,4289.9,5753
861,Cal-Maine Foods,CALM,"Food, Beverages & Tobacco",Food Production,2896,3146.2,758,1954.5,2883
862,Arch Resources,ARCH,Energy,"Mining, Crude-Oil Production",3404,3145.8,464,2484.2,2934
863,Avient,AVNT,Chemicals,Chemicals,9300,3142.8,75.7,5968.5,3961
864,Cano Health,,Health Care,Health Care: Medical Facilities,2700,3137.8,-594.4,1013.7,1
865,BlueLinx Holdings,BXC,Wholesalers,Wholesalers: Diversified,1990,3136.4,48.5,1537.6,1127
866,Sinclair,SBGI,Media,Entertainment,7300,3134,-291,6085,857
867,BOK Financial,BOKF,Financials,Commercial Banks,4966,3132.4,530.7,49824.8,5946
868,Permian Resources,PR,Energy,"Mining, Crude-Oil Production",461,3120.9,476.3,14965.6,13631
869,PACS Group,PACS,Health Care,Health Care: Medical Facilities,32433,3111.5,112.9,3512.7,
870,Coinbase Global,COIN,Financials,Securities,3416,3108.4,94.9,206983,64232
871,Western Midstream Partners,WES,Energy,Pipelines,1377,3106.5,1022.2,12471.6,13526
872,Federated Mutual Insurance,,Financials,Insurance: Property and Casualty (Mutual),2922,3098.7,422.8,12190,
873,G-III Apparel Group,GIII,Apparel,Apparel,4050,3098.2,176.2,2681.2,1318
874,Vontier,VNT,Technology,"Electronics, Electrical Equip.",8000,3095.2,376.9,4294,6981
875,Matson,MATX,Transportation,Shipping,4315,3094.6,297.1,4294.6,3876
876,Kirby,KEX,Transportation,Shipping,5450,3091.6,222.9,5722.2,5574
877,Kaiser Aluminum,KALU,Materials,Metals,4000,3087,47.2,2267.4,1431
878,Vista Outdoor,VSTO,Business Services,"Toys, Sporting Goods",7000,3079.8,-9.7,2798.9,1906
879,Designer Brands,DBI,Retailing,Specialty Retailers: Apparel,14000,3075,29.1,2076.2,626
880,Rollins,ROL,Business Services,Diversified Outsourcing Services,19031,3073.3,435,2595.5,22419
881,Advanced Drainage Systems,WMS,Materials,"Building Materials, Glass",5870,3071.1,507.1,2901.1,13369
882,Cinemark Holdings,CNK,Media,Entertainment,17888,3066.7,188.2,4836.8,2188
883,CrowdStrike,CRWD,Technology,Computer Software,7925,3055.6,89.3,6646.5,77541
884,Pinterest,PINS,Technology,Internet Services and Retailing,4014,3055.1,-35.6,3594.4,23540
885,Instacart,CART,Retailing,Internet Services and Retailing,3380,3042,-1622,4727,9938
886,Hillenbrand,HI,Industrials,Industrial Machinery,10400,3039.7,569.7,5547.7,3528
887,Allison Transmission Holdings,ALSN,Motor Vehicles & Parts,Motor Vehicles & Parts,3700,3035,673,5025,7111
888,RH,RH,Retailing,Specialty Retailers: Other,5645,3029.1,127.6,4143.9,6379
889,Brookdale Senior Living,BKD,Health Care,Health Care: Medical Facilities,30600,3015.8,-189,5573.4,1252
890,QuidelOrtho,QDEL,Health Care,Medical Products and Equipment,7100,2997.8,-10.1,8563.1,3205
891,Trinity Industries,TRN,Transportation,Transportation Equipment,9480,2983.3,106,8906.5,2280
892,Teleflex,TFX,Health Care,Medical Products and Equipment,14500,2974.5,356.3,7532.5,10643
893,HEICO,HEI,Aerospace & Defense,Aerospace & Defense,9600,2968.1,403.6,7195.1,23341
894,Bruker,BRKR,Technology,"Scientific,Photographic and  Control Equipment",9707,2964.5,427.2,4249.9,12933
895,Carlyle Group,CG,Financials,Securities,2200,2963.9,-608.4,21176,16987
896,Energizer Holdings,ENR,Household Products,Household and Personal Products,5080,2959.7,140.5,4509.6,2113
897,Quad/Graphics,QUAD,Media,"Publishing, Printing",13150,2957.7,-55.4,1509.7,278
898,Rackspace Technology,RXT,Technology,Internet Services and Retailing,5800,2957.1,-837.8,4096.2,347
899,Waters,WAT,Technology,"Scientific,Photographic and  Control Equipment",7900,2956.4,642.2,4626.9,20379
900,West Pharmaceutical Services,WST,Health Care,Medical Products and Equipment,10600,2949.8,593.4,3829.5,28968
901,Carter's,CRI,Apparel,Apparel,15230,2945.6,232.5,2378.6,3089
902,NeueHealth,NEUE,Health Care,Health Care: Insurance and Managed Care,1252,2938.1,-1151.5,1225.5,52
903,SkyWest,SKYW,Transportation,Airlines,12296,2935.4,34.3,7026.3,2788
904,Acadia Healthcare,ACHC,Health Care,Health Care: Medical Facilities,20250,2928.7,-21.7,5358.8,7322
905,Revvity,RVTY,Health Care,Medical Products and Equipment,11500,2926.9,693.1,13564.7,12970
906,Portland General Electric,POR,Energy,Utilities: Gas and Electric,2842,2923,228,11208,4251
907,Woodward,WWD,Aerospace & Defense,Aerospace & Defense,8800,2914.6,232.4,4010.2,9293
908,TEGNA,TGNA,Media,Entertainment,6200,2910.9,476.7,7000.1,2631
909,Sabre,SABR,Retailing,Internet Services and Retailing,6232,2907.7,-527.6,4672.2,918
910,Light & Wonder,LNW,"Hotels, Restaurants & Leisure","Hotels, Casinos, Resorts",6500,2902,163,5552,9171
911,Vail Resorts,MTN,"Hotels, Restaurants & Leisure","Hotels, Casinos, Resorts",32100,2889.4,268.1,5947.8,8460
912,Radius Recycling,RDUS,Materials,Metals,3353,2882.2,-25.8,1715.9,589
913,PennyMac Financial Services,PFSI,Financials,Diversified Financials,3914,2881.8,144.7,18844.6,4594
914,Saia,SAIA,Transportation,"Trucking, Truck Leasing",14000,2881.4,354.9,2583.6,15554
915,Equity Residential,EQR,Financials,Real estate,2400,2874,835.4,20034.6,23954
916,Helmerich & Payne,HP,Energy,"Oil and Gas Equipment, Services",7100,2872.4,434.1,4382,4157
917,Korn Ferry,KFY,Business Services,Diversified Outsourcing Services,10697,2863.8,209.5,3574.4,3431
918,PC Connection,CNXN,Wholesalers,Wholesalers: Electronics and Office Equipment,2703,2850.6,83.3,1188.4,1738
919,Curtiss-Wright,CW,Aerospace & Defense,Aerospace & Defense,8600,2845.4,354.5,4621,9797
920,SLM,SLM,Financials,Diversified Financials,1740,2839.4,581.4,29169.5,4801
921,Benchmark Electronics,BHE,Technology,Semiconductors and Other Electronic Components,12703,2839,64.3,2274.8,1074
922,American National Group,AEL,Financials,"Insurance: Life, Health (stock)",1020,2836,210.5,79918.3,4464
923,Pure Storage,PSTG,Technology,"Computers, Office Equipment",5600,2830.6,61.3,3655.8,16892
924,Knife River,KNF,Materials,"Building Materials, Glass",4389,2830.4,182.9,2599.8,4590
925,Caleres,CAL,Retailing,Specialty Retailers: Apparel,7150,2817.3,171.4,1804.7,1457
926,BrightView Holdings,BV,Business Services,Diversified Outsourcing Services,20700,2816,-7.7,3352.2,1123
927,Cooper-Standard Holdings,CPS,Motor Vehicles & Parts,Motor Vehicles & Parts,21500,2815.9,-202,1872.3,285
928,Primerica,PRI,Financials,"Insurance: Life, Health (stock)",3150,2815.7,576.6,15027.7,8777
929,F5,FFIV,Technology,Network and Other Communications Equipment,6492,2813.2,394.9,5248.3,11149
930,Matador Resources,MTDR,Energy,"Mining, Crude-Oil Production",395,2806.8,846.1,7727,8332
931,Snowflake,SNOW,Technology,Internet Services and Retailing,7004,2806.5,-836.1,8223.4,54007
932,Viasat,VSAT,Technology,Network and Other Communications Equipment,6800,2803.2,1084.8,7730.3,2267
933,California Resources,CRC,Energy,"Mining, Crude-Oil Production",970,2801,564,3998,3789
934,Peloton Interactive,PTON,"Hotels, Restaurants & Leisure","Toys, Sporting Goods",3541,2800.2,-1261.7,2769.1,1572
935,Roblox,RBLX,Media,Entertainment,2457,2799.3,-1151.9,6168.1,24116
936,Installed Building Products,IBP,Engineering & Construction,Homebuilders,10600,2778.6,243.7,1981.3,7339
937,First National of Nebraska,FINN,Financials,Commercial Banks,4799,2777.5,227.4,31285.9,3265
938,Guess,GES,Retailing,Specialty Retailers: Apparel,12000,2776.5,198.2,2590,1690
939,ESAB,ESAB,Industrials,Industrial Machinery,9000,2774.8,205.3,3828.6,6672
940,Amica Mutual Insurance,,Financials,Insurance: Property and Casualty (Mutual),3597,2772.5,-218.4,6668,
941,AvalonBay Communities,AVB,Financials,Real estate,3009,2767.9,928.8,20678.2,26384
942,DocuSign,DOCU,Technology,Computer Software,6840,2761.9,74,2971.3,12233
943,Titan Machinery,TITN,Retailing,Specialty Retailers: Other,3471,2758.4,112.4,1992.3,567
944,ModivCare,MODV,Health Care,Health Care: Pharmacy and Other Services,21200,2756.2,-204.5,1767.3,333
945,Hovnanian Enterprises,HOV,Engineering & Construction,Homebuilders,1715,2756,205.9,2492.9,957
946,Etsy,ETSY,Retailing,Internet Services and Retailing,2420,2748.4,307.6,2685.4,8143
947,Adams Resources & Energy,AE,Energy,Petroleum Refining,741,2745.3,0.2,361.3,74
948,Surgery Partners,SGRY,Health Care,Health Care: Medical Facilities,12000,2743.3,-11.9,6876.7,3777
949,Columbia Banking System,COLB,Financials,Commercial Banks,5114,2743.3,348.7,52173.6,4050
950,Verisk,VRSK,Business Services,Financial Data Services,7500,2728.2,614.6,4366.1,33801
951,MasterBrand,MBC,Materials,"Building Materials, Glass",12307,2726.2,182,2381.7,2380
952,Hawaiian Holdings,HA,Transportation,Airlines,7362,2716.3,-260.5,3733.5,691
953,AMC Networks,AMCX,Media,Entertainment,1900,2711.9,215.5,4969.8,528
954,SBA Communications,SBAC,Financials,Real estate,1787,2711.6,501.8,10178.4,23427
955,Americold Realty Trust,COLD,Financials,Real estate,14632,2702.8,-336.2,7869.3,7072
956,NewMarket,NEU,Chemicals,Chemicals,2000,2698.4,388.9,2308.9,6086
957,Park Hotels & Resorts,PK,Financials,Real estate,90,2698,97,9419,3682
958,Alexandria Real Estate Equities,ARE,Financials,Real estate,568,2690.3,103.6,36771.4,22555
959,Griffon,GFF,Materials,"Building Materials, Glass",5700,2685.2,77.6,2418.9,3763
960,Air Lease,AL,Business Services,Equipment Leasing,163,2685,614.6,30452.3,5729
961,UL Solutions,ULS,Business Services,Diversified Outsourcing Services,15063,2678,260,2736,
962,Teradyne,TER,Technology,Semiconductors and Other Electronic Components,6500,2676.3,448.8,3486.8,17260
963,OGE Energy,OGE,Energy,Utilities: Gas and Electric,2329,2674.3,416.8,12790.7,6871
964,Bio-Rad Laboratories,BIO,Technology,"Scientific,Photographic and  Control Equipment",8030,2671.3,-637.3,12299.1,9794
965,Spire,SR,Energy,Utilities: Gas and Electric,3589,2666.3,217.5,10313.6,3374
966,Gannett,GCI,Media,"Publishing, Printing",12800,2663.6,-27.8,2181.2,363
967,Stericycle,SRCL,Business Services,Waste Management,13948,2659.3,-21.4,5352.6,4883
968,Cullen/Frost Bankers,CFR,Financials,Commercial Banks,5495,2646.3,598,50845,7229
969,Extra Space Storage,EXR,Financials,Real estate,7618,2645.1,803.2,27456.3,31102
970,REV Group,REVG,Motor Vehicles & Parts,Motor Vehicles & Parts,6724,2638,45.3,1410.4,1144
971,ProFrac Holding,ACDC,Energy,"Oil and Gas Equipment, Services",2949,2630,-97.7,3070.7,1334
972,Nordson,NDSN,Industrials,Industrial Machinery,7900,2628.6,487.5,5251.8,15702
973,Summit Materials,SUM,Materials,"Building Materials, Glass",5300,2619.5,285.9,5149.6,7767
974,Valvoline,VVV,Chemicals,Chemicals,10250,2617.9,1419.7,2889.9,5779
975,Kontoor Brands,KTB,Apparel,Apparel,13700,2607.5,231,1645.4,3360
976,Skyline Champion,SKY,Engineering & Construction,Homebuilders,7700,2606.6,401.8,1562.7,4910
977,Teladoc Health,TDOC,Health Care,Health Care: Pharmacy and Other Services,5208,2602.4,-220.4,4392.4,2522
978,Louisiana-Pacific,LPX,Materials,"Building Materials, Glass",4100,2581,178,2437,6068
979,Universal,UVV,"Food, Beverages & Tobacco",Tobacco,19600,2569.8,124.1,2639.2,1271
980,Consol Energy,CEIX,Energy,"Mining, Crude-Oil Production",2020,2568.9,655.9,2675,2480
981,Encore Wire,,Industrials,"Electronics, Electrical Equip.",1629,2567.7,372.4,1967.9,4148
982,Playtika Holding,PLTK,Media,Entertainment,3600,2567,235,3175,2613
983,Alliance Resource Partners,ARLP,Energy,"Mining, Crude-Oil Production",3595,2566.7,630.1,2788.4,2568
984,Envista Holdings,NVST,Health Care,Medical Products and Equipment,12800,2566.5,-100.2,6605.1,3674
985,Shift4 Payments,FOUR,Business Services,Financial Data Services,3030,2564.8,86.2,3387.8,5695
986,Talen Energy,TLNE,Energy,Energy,2000,2554,,7121,5569
987,Carpenter Technology,CRS,Materials,Metals,4500,2550.3,56.4,3053.9,3529
988,WEX,WEX,Business Services,Financial Data Services,7200,2548,266.6,13882.1,9913
989,Old National Bancorp,ONB,Financials,Commercial Banks,3940,2540.2,582,49089.8,5096
990,AGNC Investment,AGNC,Financials,Real estate,53,2538,155,71596,6887
991,Wabash National,WNC,Motor Vehicles & Parts,Motor Vehicles & Parts,6667,2536.5,231.3,1362.8,1350
992,MSCI,MSCI,Business Services,Financial Data Services,5794,2528.9,1148.6,5518.2,44401
993,Stagwell,STGW,Business Services,"Advertising, marketing",10250,2527.2,0.1,3767,1670
994,Mativ Holdings,MATV,Chemicals,Chemicals,5400,2516.9,-309.5,2642.4,1018
995,Belden,BDC,Industrials,"Electronics, Electrical Equip.",8000,2512.1,242.8,3240.2,3805
996,Allegiant Travel,ALGT,Transportation,Airlines,6686,2509.9,117.6,4869.4,1375
997,Dropbox,DBX,Technology,Computer Software,2693,2501.6,453.6,2983.5,8359
998,Exact Sciences,EXAS,Health Care,Pharmaceuticals,6550,2499.8,-204.1,6471.3,12537
999,BWX Technologies,BWXT,Aerospace & Defense,Aerospace & Defense,7800,2496.3,245.8,2747.1,9380
1000,Clear Channel Outdoor Hldgs.,CCO,Business Services,"Advertising, marketing",3900,2489,-310.9,4722.5,798
